name,time,index,rank,value,lastValue,age
Jaws 2 (1978),1979-06-01,1,1,38575846.3600615,0,1
Every Which Way But Loose (1978),1979-06-01,1,2,38448939.2564359,0,1
Grease (1978),1979-06-01,1,3,34961838.3402462,0,1
King Kong  (1976),1979-06-01,1,4,30567045.7929452,0,1
The Deep (1977),1979-06-01,1,5,28714691.2383471,0,1
Exorcist II: The Heretic (1977),1979-06-01,1,6,28292343.4710744,0,1
Jaws (1975),1979-06-01,1,7,28111694.2446043,0,1
Star Wars (1977),1979-06-01,1,8,27768426.689374,0,1
Moonraker (1979),1979-06-01,1,9,25021764.694072,0,1
Superman (1978),1979-06-01,1,10,24463275.8767599,0,1
Rocky II (1979),1979-06-01,1,11,22495044.2863712,0,1
Alien (1979),1979-06-01,1,12,18701860.7459834,0,1
Star Trek: The Motion Picture (1979),1979-12-01,2,1,39415813.32,0,1
Jaws 2 (1978),1979-12-01,2,2,38575846.3600615,38575846.3600615,0.9
Every Which Way But Loose (1978),1979-12-01,2,3,38448939.2564359,38448939.2564359,0.9
Grease (1978),1979-12-01,2,4,34961838.3402462,34961838.3402462,0.9
King Kong  (1976),1979-12-01,2,5,30567045.7929452,30567045.7929452,0.9
The Deep (1977),1979-12-01,2,6,28714691.2383471,28714691.2383471,0.9
Exorcist II: The Heretic (1977),1979-12-01,2,7,28292343.4710744,28292343.4710744,0.9
Jaws (1975),1979-12-01,2,8,28111694.2446043,28111694.2446043,0.9
Star Wars (1977),1979-12-01,2,9,27768426.689374,27768426.689374,0.9
The Amityville Horror (1979),1979-12-01,2,10,25921995.4631469,0,1
Moonraker (1979),1979-12-01,2,11,25021764.694072,25021764.694072,0.9
Superman (1978),1979-12-01,2,12,24463275.8767599,24463275.8767599,0.9
Star Trek: The Motion Picture (1979),1980-06-01,3,1,39415813.32,39415813.32,0.9
Jaws 2 (1978),1980-06-01,3,2,38575846.3600615,38575846.3600615,0.8
Every Which Way But Loose (1978),1980-06-01,3,3,38448939.2564359,38448939.2564359,0.8
Grease (1978),1980-06-01,3,4,34961838.3402462,34961838.3402462,0.8
The Empire Strikes Back (1980),1980-06-01,3,5,33394452.6477091,0,1
King Kong  (1976),1980-06-01,3,6,30567045.7929452,30567045.7929452,0.8
The Deep (1977),1980-06-01,3,7,28714691.2383471,28714691.2383471,0.8
Exorcist II: The Heretic (1977),1980-06-01,3,8,28292343.4710744,28292343.4710744,0.8
Jaws (1975),1980-06-01,3,9,28111694.2446043,28111694.2446043,0.8
Star Wars (1977),1980-06-01,3,10,27768426.689374,27768426.689374,0.8
The Amityville Horror (1979),1980-06-01,3,11,25921995.4631469,25921995.4631469,0.9
Moonraker (1979),1980-06-01,3,12,25021764.694072,25021764.694072,0.8
Star Trek: The Motion Picture (1979),1980-12-01,4,1,39415813.32,39415813.32,0.8
Jaws 2 (1978),1980-12-01,4,2,38575846.3600615,38575846.3600615,0.7
Every Which Way But Loose (1978),1980-12-01,4,3,38448939.2564359,38448939.2564359,0.7
Grease (1978),1980-12-01,4,4,34961838.3402462,34961838.3402462,0.7
The Empire Strikes Back (1980),1980-12-01,4,5,33394452.6477091,33394452.6477091,0.9
Smokey and the Bandit II (1980),1980-12-01,4,6,32015102.98125,0,1
King Kong  (1976),1980-12-01,4,7,30567045.7929452,30567045.7929452,0.7
The Deep (1977),1980-12-01,4,8,28714691.2383471,28714691.2383471,0.7
Exorcist II: The Heretic (1977),1980-12-01,4,9,28292343.4710744,28292343.4710744,0.7
Jaws (1975),1980-12-01,4,10,28111694.2446043,28111694.2446043,0.7
Star Wars (1977),1980-12-01,4,11,27768426.689374,27768426.689374,0.7
The Amityville Horror (1979),1980-12-01,4,12,25921995.4631469,25921995.4631469,0.8
Superman II (1981),1981-06-01,5,1,39598007.9492155,0,1
Star Trek: The Motion Picture (1979),1981-06-01,5,2,39415813.32,39415813.32,0.7
Jaws 2 (1978),1981-06-01,5,3,38575846.3600615,38575846.3600615,0.6
Every Which Way But Loose (1978),1981-06-01,5,4,38448939.2564359,38448939.2564359,0.6
Grease (1978),1981-06-01,5,5,34961838.3402462,34961838.3402462,0.6
The Empire Strikes Back (1980),1981-06-01,5,6,33394452.6477091,33394452.6477091,0.8
The Cannonball Run (1981),1981-06-01,5,7,33041076.6054365,0,1
Smokey and the Bandit II (1980),1981-06-01,5,8,32015102.98125,32015102.98125,0.9
King Kong  (1976),1981-06-01,5,9,30567045.7929452,30567045.7929452,0.6
The Deep (1977),1981-06-01,5,10,28714691.2383471,28714691.2383471,0.6
Exorcist II: The Heretic (1977),1981-06-01,5,11,28292343.4710744,28292343.4710744,0.6
Jaws (1975),1981-06-01,5,12,28111694.2446043,28111694.2446043,0.6
Superman II (1981),1981-12-01,6,1,39598007.9492155,39598007.9492155,0.9
Star Trek: The Motion Picture (1979),1981-12-01,6,2,39415813.32,39415813.32,0.6
Jaws 2 (1978),1981-12-01,6,3,38575846.3600615,38575846.3600615,0.5
Every Which Way But Loose (1978),1981-12-01,6,4,38448939.2564359,38448939.2564359,0.5
Grease (1978),1981-12-01,6,5,34961838.3402462,34961838.3402462,0.5
The Empire Strikes Back (1980),1981-12-01,6,6,33394452.6477091,33394452.6477091,0.7
The Cannonball Run (1981),1981-12-01,6,7,33041076.6054365,33041076.6054365,0.9
Smokey and the Bandit II (1980),1981-12-01,6,8,32015102.98125,32015102.98125,0.8
King Kong  (1976),1981-12-01,6,9,30567045.7929452,30567045.7929452,0.5
The Deep (1977),1981-12-01,6,10,28714691.2383471,28714691.2383471,0.5
Exorcist II: The Heretic (1977),1981-12-01,6,11,28292343.4710744,28292343.4710744,0.5
Jaws (1975),1981-12-01,6,12,28111694.2446043,28111694.2446043,0.5
Superman II (1981),1982-06-01,7,1,39598007.9492155,39598007.9492155,0.8
Star Trek: The Motion Picture (1979),1982-06-01,7,2,39415813.32,39415813.32,0.5
Jaws 2 (1978),1982-06-01,7,3,38575846.3600615,38575846.3600615,0.4
Every Which Way But Loose (1978),1982-06-01,7,4,38448939.2564359,38448939.2564359,0.4
Star Trek II: The Wrath of Khan (1982),1982-06-01,7,5,37590902.2959588,0,1
Grease (1978),1982-06-01,7,6,34961838.3402462,34961838.3402462,0.4
The Empire Strikes Back (1980),1982-06-01,7,7,33394452.6477091,33394452.6477091,0.6
The Cannonball Run (1981),1982-06-01,7,8,33041076.6054365,33041076.6054365,0.8
Rocky III (1982),1982-06-01,7,9,32571518.5971959,0,1
Smokey and the Bandit II (1980),1982-06-01,7,10,32015102.98125,32015102.98125,0.7
E.T.: The Extra-Terrestrial (1982),1982-06-01,7,11,31009695.2945567,0,1
King Kong  (1976),1982-06-01,7,12,30567045.7929452,30567045.7929452,0.4
Superman II (1981),1982-12-01,8,1,39598007.9492155,39598007.9492155,0.7
Star Trek: The Motion Picture (1979),1982-12-01,8,2,39415813.32,39415813.32,0.4
Jaws 2 (1978),1982-12-01,8,3,38575846.3600615,38575846.3600615,0.3
Every Which Way But Loose (1978),1982-12-01,8,4,38448939.2564359,38448939.2564359,0.3
Star Trek II: The Wrath of Khan (1982),1982-12-01,8,5,37590902.2959588,37590902.2959588,0.9
Grease (1978),1982-12-01,8,6,34961838.3402462,34961838.3402462,0.3
The Empire Strikes Back (1980),1982-12-01,8,7,33394452.6477091,33394452.6477091,0.5
The Cannonball Run (1981),1982-12-01,8,8,33041076.6054365,33041076.6054365,0.7
Rocky III (1982),1982-12-01,8,9,32571518.5971959,32571518.5971959,0.9
Smokey and the Bandit II (1980),1982-12-01,8,10,32015102.98125,32015102.98125,0.6
E.T.: The Extra-Terrestrial (1982),1982-12-01,8,11,31009695.2945567,31009695.2945567,0.9
The Best Little Whorehouse in Texas (1982),1982-12-01,8,12,30888653.6710747,0,1
Return of the Jedi (1983),1983-06-01,9,1,58857041.0006439,0,1
Superman II (1981),1983-06-01,9,2,39598007.9492155,39598007.9492155,0.6
Star Trek: The Motion Picture (1979),1983-06-01,9,3,39415813.32,39415813.32,0.3
Jaws 2 (1978),1983-06-01,9,4,38575846.3600615,38575846.3600615,0.2
Every Which Way But Loose (1978),1983-06-01,9,5,38448939.2564359,38448939.2564359,0.2
Star Trek II: The Wrath of Khan (1982),1983-06-01,9,6,37590902.2959588,37590902.2959588,0.8
Grease (1978),1983-06-01,9,7,34961838.3402462,34961838.3402462,0.2
Superman III (1983),1983-06-01,9,8,34139585.7830583,0,1
The Empire Strikes Back (1980),1983-06-01,9,9,33394452.6477091,33394452.6477091,0.4
The Cannonball Run (1981),1983-06-01,9,10,33041076.6054365,33041076.6054365,0.6
Rocky III (1982),1983-06-01,9,11,32571518.5971959,32571518.5971959,0.8
Smokey and the Bandit II (1980),1983-06-01,9,12,32015102.98125,32015102.98125,0.5
Return of the Jedi (1983),1983-12-01,10,1,58857041.0006439,58857041.0006439,0.9
Superman II (1981),1983-12-01,10,2,39598007.9492155,39598007.9492155,0.5
Star Trek: The Motion Picture (1979),1983-12-01,10,3,39415813.32,39415813.32,0.2
Jaws 2 (1978),1983-12-01,10,4,38575846.3600615,38575846.3600615,0.1
Every Which Way But Loose (1978),1983-12-01,10,5,38448939.2564359,38448939.2564359,0.1
Star Trek II: The Wrath of Khan (1982),1983-12-01,10,6,37590902.2959588,37590902.2959588,0.7
Grease (1978),1983-12-01,10,7,34961838.3402462,34961838.3402462,0.1
Superman III (1983),1983-12-01,10,8,34139585.7830583,34139585.7830583,0.9
Jaws 3-D (1983),1983-12-01,10,9,33642026.9230769,0,1
The Empire Strikes Back (1980),1983-12-01,10,10,33394452.6477091,33394452.6477091,0.3
The Cannonball Run (1981),1983-12-01,10,11,33041076.6054365,33041076.6054365,0.5
Rocky III (1982),1983-12-01,10,12,32571518.5971959,32571518.5971959,0.7
Indiana Jones and the Temple of Doom (1984),1984-06-01,11,1,62096198.9612343,0,1
Return of the Jedi (1983),1984-06-01,11,2,58857041.0006439,58857041.0006439,0.8
Star Trek III: The Search for Spock (1984),1984-06-01,11,3,40862917.8173578,0,1
Superman II (1981),1984-06-01,11,4,39598007.9492155,39598007.9492155,0.4
Star Trek: The Motion Picture (1979),1984-06-01,11,5,39415813.32,39415813.32,0.1
Jaws 2 (1978),1984-06-01,11,6,38575846.3600615,38575846.3600615,0
Every Which Way But Loose (1978),1984-06-01,11,7,38448939.2564359,38448939.2564359,0
Star Trek II: The Wrath of Khan (1982),1984-06-01,11,8,37590902.2959588,37590902.2959588,0.6
Grease (1978),1984-06-01,11,9,34961838.3402462,34961838.3402462,0
Superman III (1983),1984-06-01,11,10,34139585.7830583,34139585.7830583,0.8
Jaws 3-D (1983),1984-06-01,11,11,33642026.9230769,33642026.9230769,0.9
The Empire Strikes Back (1980),1984-06-01,11,12,33394452.6477091,33394452.6477091,0.2
Indiana Jones and the Temple of Doom (1984),1984-12-01,12,1,62096198.9612343,62096198.9612343,0.9
Return of the Jedi (1983),1984-12-01,12,2,58857041.0006439,58857041.0006439,0.7
Star Trek III: The Search for Spock (1984),1984-12-01,12,3,40862917.8173578,40862917.8173578,0.9
Superman II (1981),1984-12-01,12,4,39598007.9492155,39598007.9492155,0.3
Star Trek: The Motion Picture (1979),1984-12-01,12,5,39415813.32,39415813.32,0
Jaws 2 (1978),1984-12-01,12,6,38575846.3600615,38575846.3600615,0
Every Which Way But Loose (1978),1984-12-01,12,7,38448939.2564359,38448939.2564359,0
Star Trek II: The Wrath of Khan (1982),1984-12-01,12,8,37590902.2959588,37590902.2959588,0.5
Beverly Hills Cop (1984),1984-12-01,12,9,36652248.9207583,0,1
Grease (1978),1984-12-01,12,10,34961838.3402462,34961838.3402462,0
Superman III (1983),1984-12-01,12,11,34139585.7830583,34139585.7830583,0.7
Jaws 3-D (1983),1984-12-01,12,12,33642026.9230769,33642026.9230769,0.8
Indiana Jones and the Temple of Doom (1984),1985-06-01,13,1,62096198.9612343,62096198.9612343,0.8
Return of the Jedi (1983),1985-06-01,13,2,58857041.0006439,58857041.0006439,0.6
Rambo: First Blood Part II (1985),1985-06-01,13,3,47699955.3313116,0,1
Star Trek III: The Search for Spock (1984),1985-06-01,13,4,40862917.8173578,40862917.8173578,0.8
Superman II (1981),1985-06-01,13,5,39598007.9492155,39598007.9492155,0.2
Star Trek: The Motion Picture (1979),1985-06-01,13,6,39415813.32,39415813.32,0
Jaws 2 (1978),1985-06-01,13,7,38575846.3600615,38575846.3600615,0
Every Which Way But Loose (1978),1985-06-01,13,8,38448939.2564359,38448939.2564359,0
Star Trek II: The Wrath of Khan (1982),1985-06-01,13,9,37590902.2959588,37590902.2959588,0.4
Beverly Hills Cop (1984),1985-06-01,13,10,36652248.9207583,36652248.9207583,0.9
Grease (1978),1985-06-01,13,11,34961838.3402462,34961838.3402462,0
Superman III (1983),1985-06-01,13,12,34139585.7830583,34139585.7830583,0.6
Indiana Jones and the Temple of Doom (1984),1985-12-01,14,1,62096198.9612343,62096198.9612343,0.7
Return of the Jedi (1983),1985-12-01,14,2,58857041.0006439,58857041.0006439,0.5
Rambo: First Blood Part II (1985),1985-12-01,14,3,47699955.3313116,47699955.3313116,0.9
Rocky IV (1985),1985-12-01,14,4,46400083.5203288,0,1
Star Trek III: The Search for Spock (1984),1985-12-01,14,5,40862917.8173578,40862917.8173578,0.7
Superman II (1981),1985-12-01,14,6,39598007.9492155,39598007.9492155,0.1
Star Trek: The Motion Picture (1979),1985-12-01,14,7,39415813.32,39415813.32,0
Jaws 2 (1978),1985-12-01,14,8,38575846.3600615,38575846.3600615,0
Every Which Way But Loose (1978),1985-12-01,14,9,38448939.2564359,38448939.2564359,0
Star Trek II: The Wrath of Khan (1982),1985-12-01,14,10,37590902.2959588,37590902.2959588,0.3
Beverly Hills Cop (1984),1985-12-01,14,11,36652248.9207583,36652248.9207583,0.8
Grease (1978),1985-12-01,14,12,34961838.3402462,34961838.3402462,0
Indiana Jones and the Temple of Doom (1984),1986-06-01,15,1,62096198.9612343,62096198.9612343,0.6
Return of the Jedi (1983),1986-06-01,15,2,58857041.0006439,58857041.0006439,0.4
Rambo: First Blood Part II (1985),1986-06-01,15,3,47699955.3313116,47699955.3313116,0.8
Rocky IV (1985),1986-06-01,15,4,46400083.5203288,46400083.5203288,0.9
Star Trek III: The Search for Spock (1984),1986-06-01,15,5,40862917.8173578,40862917.8173578,0.6
Superman II (1981),1986-06-01,15,6,39598007.9492155,39598007.9492155,0
Star Trek: The Motion Picture (1979),1986-06-01,15,7,39415813.32,39415813.32,0
Jaws 2 (1978),1986-06-01,15,8,38575846.3600615,38575846.3600615,0
Every Which Way But Loose (1978),1986-06-01,15,9,38448939.2564359,38448939.2564359,0
Star Trek II: The Wrath of Khan (1982),1986-06-01,15,10,37590902.2959588,37590902.2959588,0.2
Beverly Hills Cop (1984),1986-06-01,15,11,36652248.9207583,36652248.9207583,0.7
Grease (1978),1986-06-01,15,12,34961838.3402462,34961838.3402462,0
Indiana Jones and the Temple of Doom (1984),1986-12-01,16,1,62096198.9612343,62096198.9612343,0.5
Return of the Jedi (1983),1986-12-01,16,2,58857041.0006439,58857041.0006439,0.3
Rambo: First Blood Part II (1985),1986-12-01,16,3,47699955.3313116,47699955.3313116,0.7
Rocky IV (1985),1986-12-01,16,4,46400083.5203288,46400083.5203288,0.8
Star Trek III: The Search for Spock (1984),1986-12-01,16,5,40862917.8173578,40862917.8173578,0.5
Superman II (1981),1986-12-01,16,6,39598007.9492155,39598007.9492155,0
Star Trek: The Motion Picture (1979),1986-12-01,16,7,39415813.32,39415813.32,0
Star Trek IV: The Voyage Home (1986),1986-12-01,16,8,38722906.7818051,0,1
Jaws 2 (1978),1986-12-01,16,9,38575846.3600615,38575846.3600615,0
Every Which Way But Loose (1978),1986-12-01,16,10,38448939.2564359,38448939.2564359,0
Star Trek II: The Wrath of Khan (1982),1986-12-01,16,11,37590902.2959588,37590902.2959588,0.1
Beverly Hills Cop (1984),1986-12-01,16,12,36652248.9207583,36652248.9207583,0.6
Indiana Jones and the Temple of Doom (1984),1987-06-01,17,1,62096198.9612343,62096198.9612343,0.4
Beverly Hills Cop II (1987),1987-06-01,17,2,58999405.7809692,0,1
Return of the Jedi (1983),1987-06-01,17,3,58857041.0006439,58857041.0006439,0.2
Rambo: First Blood Part II (1985),1987-06-01,17,4,47699955.3313116,47699955.3313116,0.6
Rocky IV (1985),1987-06-01,17,5,46400083.5203288,46400083.5203288,0.7
Star Trek III: The Search for Spock (1984),1987-06-01,17,6,40862917.8173578,40862917.8173578,0.4
Superman II (1981),1987-06-01,17,7,39598007.9492155,39598007.9492155,0
Star Trek: The Motion Picture (1979),1987-06-01,17,8,39415813.32,39415813.32,0
Star Trek IV: The Voyage Home (1986),1987-06-01,17,9,38722906.7818051,38722906.7818051,0.9
Jaws 2 (1978),1987-06-01,17,10,38575846.3600615,38575846.3600615,0
Every Which Way But Loose (1978),1987-06-01,17,11,38448939.2564359,38448939.2564359,0
Star Trek II: The Wrath of Khan (1982),1987-06-01,17,12,37590902.2959588,37590902.2959588,0
Indiana Jones and the Temple of Doom (1984),1987-12-01,18,1,62096198.9612343,62096198.9612343,0.3
Beverly Hills Cop II (1987),1987-12-01,18,2,58999405.7809692,58999405.7809692,0.9
Return of the Jedi (1983),1987-12-01,18,3,58857041.0006439,58857041.0006439,0.1
Rambo: First Blood Part II (1985),1987-12-01,18,4,47699955.3313116,47699955.3313116,0.5
Rocky IV (1985),1987-12-01,18,5,46400083.5203288,46400083.5203288,0.6
Star Trek III: The Search for Spock (1984),1987-12-01,18,6,40862917.8173578,40862917.8173578,0.3
Superman II (1981),1987-12-01,18,7,39598007.9492155,39598007.9492155,0
Star Trek: The Motion Picture (1979),1987-12-01,18,8,39415813.32,39415813.32,0
Star Trek IV: The Voyage Home (1986),1987-12-01,18,9,38722906.7818051,38722906.7818051,0.8
Jaws 2 (1978),1987-12-01,18,10,38575846.3600615,38575846.3600615,0
Every Which Way But Loose (1978),1987-12-01,18,11,38448939.2564359,38448939.2564359,0
Star Trek II: The Wrath of Khan (1982),1987-12-01,18,12,37590902.2959588,37590902.2959588,0
Indiana Jones and the Temple of Doom (1984),1988-06-01,19,1,62096198.9612343,62096198.9612343,0.2
Beverly Hills Cop II (1987),1988-06-01,19,2,58999405.7809692,58999405.7809692,0.8
Return of the Jedi (1983),1988-06-01,19,3,58857041.0006439,58857041.0006439,0
Rambo: First Blood Part II (1985),1988-06-01,19,4,47699955.3313116,47699955.3313116,0.4
Rocky IV (1985),1988-06-01,19,5,46400083.5203288,46400083.5203288,0.5
Star Trek III: The Search for Spock (1984),1988-06-01,19,6,40862917.8173578,40862917.8173578,0.2
Superman II (1981),1988-06-01,19,7,39598007.9492155,39598007.9492155,0
Star Trek: The Motion Picture (1979),1988-06-01,19,8,39415813.32,39415813.32,0
Star Trek IV: The Voyage Home (1986),1988-06-01,19,9,38722906.7818051,38722906.7818051,0.7
Jaws 2 (1978),1988-06-01,19,10,38575846.3600615,38575846.3600615,0
Every Which Way But Loose (1978),1988-06-01,19,11,38448939.2564359,38448939.2564359,0
Star Trek II: The Wrath of Khan (1982),1988-06-01,19,12,37590902.2959588,37590902.2959588,0
Indiana Jones and the Temple of Doom (1984),1988-12-01,20,1,62096198.9612343,62096198.9612343,0.1
Beverly Hills Cop II (1987),1988-12-01,20,2,58999405.7809692,58999405.7809692,0.7
Return of the Jedi (1983),1988-12-01,20,3,58857041.0006439,58857041.0006439,0
Rambo: First Blood Part II (1985),1988-12-01,20,4,47699955.3313116,47699955.3313116,0.3
Rocky IV (1985),1988-12-01,20,5,46400083.5203288,46400083.5203288,0.4
Star Trek III: The Search for Spock (1984),1988-12-01,20,6,40862917.8173578,40862917.8173578,0.1
Superman II (1981),1988-12-01,20,7,39598007.9492155,39598007.9492155,0
Star Trek: The Motion Picture (1979),1988-12-01,20,8,39415813.32,39415813.32,0
Star Trek IV: The Voyage Home (1986),1988-12-01,20,9,38722906.7818051,38722906.7818051,0.6
Jaws 2 (1978),1988-12-01,20,10,38575846.3600615,38575846.3600615,0
Every Which Way But Loose (1978),1988-12-01,20,11,38448939.2564359,38448939.2564359,0
Star Trek II: The Wrath of Khan (1982),1988-12-01,20,12,37590902.2959588,37590902.2959588,0
Batman (1989),1989-06-01,21,1,82920128.6575987,0,1
Indiana Jones and the Temple of Doom (1984),1989-06-01,21,2,62096198.9612343,62096198.9612343,0
Ghostbusters II (1989),1989-06-01,21,3,60358396.9726994,0,1
Indiana Jones and the Last Crusade (1989),1989-06-01,21,4,60117001.4271394,0,1
Beverly Hills Cop II (1987),1989-06-01,21,5,58999405.7809692,58999405.7809692,0.6
Return of the Jedi (1983),1989-06-01,21,6,58857041.0006439,58857041.0006439,0
Rambo: First Blood Part II (1985),1989-06-01,21,7,47699955.3313116,47699955.3313116,0.2
Rocky IV (1985),1989-06-01,21,8,46400083.5203288,46400083.5203288,0.3
Star Trek III: The Search for Spock (1984),1989-06-01,21,9,40862917.8173578,40862917.8173578,0
Superman II (1981),1989-06-01,21,10,39598007.9492155,39598007.9492155,0
Star Trek: The Motion Picture (1979),1989-06-01,21,11,39415813.32,39415813.32,0
Star Trek IV: The Voyage Home (1986),1989-06-01,21,12,38722906.7818051,38722906.7818051,0.5
Batman (1989),1989-12-01,22,1,82920128.6575987,82920128.6575987,0.9
Indiana Jones and the Temple of Doom (1984),1989-12-01,22,2,62096198.9612343,62096198.9612343,0
Ghostbusters II (1989),1989-12-01,22,3,60358396.9726994,60358396.9726994,0.9
Indiana Jones and the Last Crusade (1989),1989-12-01,22,4,60117001.4271394,60117001.4271394,0.9
Beverly Hills Cop II (1987),1989-12-01,22,5,58999405.7809692,58999405.7809692,0.5
Return of the Jedi (1983),1989-12-01,22,6,58857041.0006439,58857041.0006439,0
Back to the Future Part II (1989),1989-12-01,22,7,56011412.1021378,0,1
Rambo: First Blood Part II (1985),1989-12-01,22,8,47699955.3313116,47699955.3313116,0.1
Rocky IV (1985),1989-12-01,22,9,46400083.5203288,46400083.5203288,0.2
Lethal Weapon 2 (1989),1989-12-01,22,10,41027495.9809976,0,1
Star Trek III: The Search for Spock (1984),1989-12-01,22,11,40862917.8173578,40862917.8173578,0
Superman II (1981),1989-12-01,22,12,39598007.9492155,39598007.9492155,0
Batman (1989),1990-06-01,23,1,82920128.6575987,82920128.6575987,0.8
Indiana Jones and the Temple of Doom (1984),1990-06-01,23,2,62096198.9612343,62096198.9612343,0
Ghostbusters II (1989),1990-06-01,23,3,60358396.9726994,60358396.9726994,0.8
Indiana Jones and the Last Crusade (1989),1990-06-01,23,4,60117001.4271394,60117001.4271394,0.8
Beverly Hills Cop II (1987),1990-06-01,23,5,58999405.7809692,58999405.7809692,0.4
Return of the Jedi (1983),1990-06-01,23,6,58857041.0006439,58857041.0006439,0
Back to the Future Part II (1989),1990-06-01,23,7,56011412.1021378,56011412.1021378,0.9
Total Recall (1990),1990-06-01,23,8,49956418.6882217,0,1
Teenage Mutant Ninja Turtles (1990),1990-06-01,23,9,49691641.0801848,0,1
Rambo: First Blood Part II (1985),1990-06-01,23,10,47699955.3313116,47699955.3313116,0
Rocky IV (1985),1990-06-01,23,11,46400083.5203288,46400083.5203288,0.1
Dick Tracy (1990),1990-06-01,23,12,44106927.5814319,0,1
Batman (1989),1990-12-01,24,1,82920128.6575987,82920128.6575987,0.7
Indiana Jones and the Temple of Doom (1984),1990-12-01,24,2,62096198.9612343,62096198.9612343,0
Ghostbusters II (1989),1990-12-01,24,3,60358396.9726994,60358396.9726994,0.7
Indiana Jones and the Last Crusade (1989),1990-12-01,24,4,60117001.4271394,60117001.4271394,0.7
Beverly Hills Cop II (1987),1990-12-01,24,5,58999405.7809692,58999405.7809692,0.3
Return of the Jedi (1983),1990-12-01,24,6,58857041.0006439,58857041.0006439,0
Back to the Future Part II (1989),1990-12-01,24,7,56011412.1021378,56011412.1021378,0.8
Total Recall (1990),1990-12-01,24,8,49956418.6882217,49956418.6882217,0.9
Teenage Mutant Ninja Turtles (1990),1990-12-01,24,9,49691641.0801848,49691641.0801848,0.9
Rambo: First Blood Part II (1985),1990-12-01,24,10,47699955.3313116,47699955.3313116,0
Rocky IV (1985),1990-12-01,24,11,46400083.5203288,46400083.5203288,0
Dick Tracy (1990),1990-12-01,24,12,44106927.5814319,44106927.5814319,0.9
Batman (1989),1991-06-01,25,1,82920128.6575987,82920128.6575987,0.6
Indiana Jones and the Temple of Doom (1984),1991-06-01,25,2,62096198.9612343,62096198.9612343,0
Ghostbusters II (1989),1991-06-01,25,3,60358396.9726994,60358396.9726994,0.6
Indiana Jones and the Last Crusade (1989),1991-06-01,25,4,60117001.4271394,60117001.4271394,0.6
Beverly Hills Cop II (1987),1991-06-01,25,5,58999405.7809692,58999405.7809692,0.2
Return of the Jedi (1983),1991-06-01,25,6,58857041.0006439,58857041.0006439,0
Back to the Future Part II (1989),1991-06-01,25,7,56011412.1021378,56011412.1021378,0.7
Total Recall (1990),1991-06-01,25,8,49956418.6882217,49956418.6882217,0.8
Teenage Mutant Ninja Turtles (1990),1991-06-01,25,9,49691641.0801848,49691641.0801848,0.8
Robin Hood: Prince of Thieves (1991),1991-06-01,25,10,47887466.8904118,0,1
Rambo: First Blood Part II (1985),1991-06-01,25,11,47699955.3313116,47699955.3313116,0
Rocky IV (1985),1991-06-01,25,12,46400083.5203288,46400083.5203288,0
Batman (1989),1991-12-01,26,1,82920128.6575987,82920128.6575987,0.5
Indiana Jones and the Temple of Doom (1984),1991-12-01,26,2,62096198.9612343,62096198.9612343,0
Ghostbusters II (1989),1991-12-01,26,3,60358396.9726994,60358396.9726994,0.5
Indiana Jones and the Last Crusade (1989),1991-12-01,26,4,60117001.4271394,60117001.4271394,0.5
Beverly Hills Cop II (1987),1991-12-01,26,5,58999405.7809692,58999405.7809692,0.1
Return of the Jedi (1983),1991-12-01,26,6,58857041.0006439,58857041.0006439,0
Terminator 2: Judgment Day (1991),1991-12-01,26,7,58416351.8009262,0,1
Back to the Future Part II (1989),1991-12-01,26,8,56011412.1021378,56011412.1021378,0.6
Total Recall (1990),1991-12-01,26,9,49956418.6882217,49956418.6882217,0.7
Teenage Mutant Ninja Turtles (1990),1991-12-01,26,10,49691641.0801848,49691641.0801848,0.7
Robin Hood: Prince of Thieves (1991),1991-12-01,26,11,47887466.8904118,47887466.8904118,0.9
Rambo: First Blood Part II (1985),1991-12-01,26,12,47699955.3313116,47699955.3313116,0
Batman (1989),1992-06-01,27,1,82920128.6575987,82920128.6575987,0.4
Batman Returns (1992),1992-06-01,27,2,82879660.0658672,0,1
Indiana Jones and the Temple of Doom (1984),1992-06-01,27,3,62096198.9612343,62096198.9612343,0
Ghostbusters II (1989),1992-06-01,27,4,60358396.9726994,60358396.9726994,0.4
Lethal Weapon 3 (1992),1992-06-01,27,5,60304524.0594433,0,1
Indiana Jones and the Last Crusade (1989),1992-06-01,27,6,60117001.4271394,60117001.4271394,0.4
Beverly Hills Cop II (1987),1992-06-01,27,7,58999405.7809692,58999405.7809692,0
Return of the Jedi (1983),1992-06-01,27,8,58857041.0006439,58857041.0006439,0
Terminator 2: Judgment Day (1991),1992-06-01,27,9,58416351.8009262,58416351.8009262,0.9
Back to the Future Part II (1989),1992-06-01,27,10,56011412.1021378,56011412.1021378,0.5
Total Recall (1990),1992-06-01,27,11,49956418.6882217,49956418.6882217,0.6
Teenage Mutant Ninja Turtles (1990),1992-06-01,27,12,49691641.0801848,49691641.0801848,0.6
Batman (1989),1992-12-01,28,1,82920128.6575987,82920128.6575987,0.3
Batman Returns (1992),1992-12-01,28,2,82879660.0658672,82879660.0658672,0.9
Indiana Jones and the Temple of Doom (1984),1992-12-01,28,3,62096198.9612343,62096198.9612343,0
Ghostbusters II (1989),1992-12-01,28,4,60358396.9726994,60358396.9726994,0.3
Lethal Weapon 3 (1992),1992-12-01,28,5,60304524.0594433,60304524.0594433,0.9
Indiana Jones and the Last Crusade (1989),1992-12-01,28,6,60117001.4271394,60117001.4271394,0.3
Beverly Hills Cop II (1987),1992-12-01,28,7,58999405.7809692,58999405.7809692,0
Return of the Jedi (1983),1992-12-01,28,8,58857041.0006439,58857041.0006439,0
Terminator 2: Judgment Day (1991),1992-12-01,28,9,58416351.8009262,58416351.8009262,0.8
Back to the Future Part II (1989),1992-12-01,28,10,56011412.1021378,56011412.1021378,0.4
Home Alone 2: Lost in New York (1992),1992-12-01,28,11,55592655.000253,0,1
Bram Stoker's Dracula (1992),1992-12-01,28,12,54511761.5916514,0,1
Batman (1989),1993-06-01,29,1,82920128.6575987,82920128.6575987,0.2
Batman Returns (1992),1993-06-01,29,2,82879660.0658672,82879660.0658672,0.8
Jurassic Park (1993),1993-06-01,29,3,82825878.6039085,0,1
Indiana Jones and the Temple of Doom (1984),1993-06-01,29,4,62096198.9612343,62096198.9612343,0
Ghostbusters II (1989),1993-06-01,29,5,60358396.9726994,60358396.9726994,0.2
Lethal Weapon 3 (1992),1993-06-01,29,6,60304524.0594433,60304524.0594433,0.8
Indiana Jones and the Last Crusade (1989),1993-06-01,29,7,60117001.4271394,60117001.4271394,0.2
Beverly Hills Cop II (1987),1993-06-01,29,8,58999405.7809692,58999405.7809692,0
Return of the Jedi (1983),1993-06-01,29,9,58857041.0006439,58857041.0006439,0
Terminator 2: Judgment Day (1991),1993-06-01,29,10,58416351.8009262,58416351.8009262,0.7
Back to the Future Part II (1989),1993-06-01,29,11,56011412.1021378,56011412.1021378,0.3
Home Alone 2: Lost in New York (1992),1993-06-01,29,12,55592655.000253,55592655.000253,0.9
Batman (1989),1993-12-01,30,1,82920128.6575987,82920128.6575987,0.1
Batman Returns (1992),1993-12-01,30,2,82879660.0658672,82879660.0658672,0.7
Jurassic Park (1993),1993-12-01,30,3,82825878.6039085,82825878.6039085,0.9
Indiana Jones and the Temple of Doom (1984),1993-12-01,30,4,62096198.9612343,62096198.9612343,0
Ghostbusters II (1989),1993-12-01,30,5,60358396.9726994,60358396.9726994,0.1
Lethal Weapon 3 (1992),1993-12-01,30,6,60304524.0594433,60304524.0594433,0.7
Indiana Jones and the Last Crusade (1989),1993-12-01,30,7,60117001.4271394,60117001.4271394,0.1
Beverly Hills Cop II (1987),1993-12-01,30,8,58999405.7809692,58999405.7809692,0
Return of the Jedi (1983),1993-12-01,30,9,58857041.0006439,58857041.0006439,0
Terminator 2: Judgment Day (1991),1993-12-01,30,10,58416351.8009262,58416351.8009262,0.6
Back to the Future Part II (1989),1993-12-01,30,11,56011412.1021378,56011412.1021378,0.2
Home Alone 2: Lost in New York (1992),1993-12-01,30,12,55592655.000253,55592655.000253,0.8
Batman (1989),1994-06-01,31,1,82920128.6575987,82920128.6575987,0
Batman Returns (1992),1994-06-01,31,2,82879660.0658672,82879660.0658672,0.6
Jurassic Park (1993),1994-06-01,31,3,82825878.6039085,82825878.6039085,0.8
The Lion King (1994),1994-06-01,31,4,70261343.6694523,0,1
Indiana Jones and the Temple of Doom (1984),1994-06-01,31,5,62096198.9612343,62096198.9612343,0
Ghostbusters II (1989),1994-06-01,31,6,60358396.9726994,60358396.9726994,0
Lethal Weapon 3 (1992),1994-06-01,31,7,60304524.0594433,60304524.0594433,0.6
Indiana Jones and the Last Crusade (1989),1994-06-01,31,8,60117001.4271394,60117001.4271394,0
Beverly Hills Cop II (1987),1994-06-01,31,9,58999405.7809692,58999405.7809692,0
Return of the Jedi (1983),1994-06-01,31,10,58857041.0006439,58857041.0006439,0
Terminator 2: Judgment Day (1991),1994-06-01,31,11,58416351.8009262,58416351.8009262,0.5
Back to the Future Part II (1989),1994-06-01,31,12,56011412.1021378,56011412.1021378,0.1
Batman (1989),1994-12-01,32,1,82920128.6575987,82920128.6575987,0
Batman Returns (1992),1994-12-01,32,2,82879660.0658672,82879660.0658672,0.5
Jurassic Park (1993),1994-12-01,32,3,82825878.6039085,82825878.6039085,0.7
The Lion King (1994),1994-12-01,32,4,70261343.6694523,70261343.6694523,0.9
Indiana Jones and the Temple of Doom (1984),1994-12-01,32,5,62096198.9612343,62096198.9612343,0
Interview with the Vampire (1994),1994-12-01,32,6,61614728.48994,0,1
Ghostbusters II (1989),1994-12-01,32,7,60358396.9726994,60358396.9726994,0
Lethal Weapon 3 (1992),1994-12-01,32,8,60304524.0594433,60304524.0594433,0.5
Indiana Jones and the Last Crusade (1989),1994-12-01,32,9,60117001.4271394,60117001.4271394,0
Beverly Hills Cop II (1987),1994-12-01,32,10,58999405.7809692,58999405.7809692,0
Return of the Jedi (1983),1994-12-01,32,11,58857041.0006439,58857041.0006439,0
Terminator 2: Judgment Day (1991),1994-12-01,32,12,58416351.8009262,58416351.8009262,0.4
Batman Forever (1995),1995-06-01,33,1,88025315.4729921,0,1
Batman (1989),1995-06-01,33,2,82920128.6575987,82920128.6575987,0
Batman Returns (1992),1995-06-01,33,3,82879660.0658672,82879660.0658672,0.4
Jurassic Park (1993),1995-06-01,33,4,82825878.6039085,82825878.6039085,0.6
The Lion King (1994),1995-06-01,33,5,70261343.6694523,70261343.6694523,0.8
Indiana Jones and the Temple of Doom (1984),1995-06-01,33,6,62096198.9612343,62096198.9612343,0
Interview with the Vampire (1994),1995-06-01,33,7,61614728.48994,61614728.48994,0.9
Ghostbusters II (1989),1995-06-01,33,8,60358396.9726994,60358396.9726994,0
Lethal Weapon 3 (1992),1995-06-01,33,9,60304524.0594433,60304524.0594433,0.4
Indiana Jones and the Last Crusade (1989),1995-06-01,33,10,60117001.4271394,60117001.4271394,0
Beverly Hills Cop II (1987),1995-06-01,33,11,58999405.7809692,58999405.7809692,0
Return of the Jedi (1983),1995-06-01,33,12,58857041.0006439,58857041.0006439,0
Batman Forever (1995),1995-12-01,34,1,88025315.4729921,88025315.4729921,0.9
Batman (1989),1995-12-01,34,2,82920128.6575987,82920128.6575987,0
Batman Returns (1992),1995-12-01,34,3,82879660.0658672,82879660.0658672,0.3
Jurassic Park (1993),1995-12-01,34,4,82825878.6039085,82825878.6039085,0.5
The Lion King (1994),1995-12-01,34,5,70261343.6694523,70261343.6694523,0.7
Ace Ventura: When Nature Calls (1995),1995-12-01,34,6,62429046.8307212,0,1
Indiana Jones and the Temple of Doom (1984),1995-12-01,34,7,62096198.9612343,62096198.9612343,0
Interview with the Vampire (1994),1995-12-01,34,8,61614728.48994,61614728.48994,0.8
Ghostbusters II (1989),1995-12-01,34,9,60358396.9726994,60358396.9726994,0
Lethal Weapon 3 (1992),1995-12-01,34,10,60304524.0594433,60304524.0594433,0.3
Indiana Jones and the Last Crusade (1989),1995-12-01,34,11,60117001.4271394,60117001.4271394,0
Beverly Hills Cop II (1987),1995-12-01,34,12,58999405.7809692,58999405.7809692,0
Batman Forever (1995),1996-06-01,35,1,88025315.4729921,88025315.4729921,0.8
Batman (1989),1996-06-01,35,2,82920128.6575987,82920128.6575987,0
Batman Returns (1992),1996-06-01,35,3,82879660.0658672,82879660.0658672,0.2
Jurassic Park (1993),1996-06-01,35,4,82825878.6039085,82825878.6039085,0.4
Mission: Impossible (1996),1996-06-01,35,5,73692913.0238673,0,1
The Lion King (1994),1996-06-01,35,6,70261343.6694523,70261343.6694523,0.6
Twister (1996),1996-06-01,35,7,66593271.6141672,0,1
Ace Ventura: When Nature Calls (1995),1996-06-01,35,8,62429046.8307212,62429046.8307212,0.9
Indiana Jones and the Temple of Doom (1984),1996-06-01,35,9,62096198.9612343,62096198.9612343,0
Interview with the Vampire (1994),1996-06-01,35,10,61614728.48994,61614728.48994,0.7
Ghostbusters II (1989),1996-06-01,35,11,60358396.9726994,60358396.9726994,0
Lethal Weapon 3 (1992),1996-06-01,35,12,60304524.0594433,60304524.0594433,0.2
Batman Forever (1995),1996-12-01,36,1,88025315.4729921,88025315.4729921,0.7
Batman (1989),1996-12-01,36,2,82920128.6575987,82920128.6575987,0
Batman Returns (1992),1996-12-01,36,3,82879660.0658672,82879660.0658672,0.1
Jurassic Park (1993),1996-12-01,36,4,82825878.6039085,82825878.6039085,0.3
Independence Day (1996),1996-12-01,36,5,80235152.9797109,0,1
Mission: Impossible (1996),1996-12-01,36,6,73692913.0238673,73692913.0238673,0.9
The Lion King (1994),1996-12-01,36,7,70261343.6694523,70261343.6694523,0.5
Twister (1996),1996-12-01,36,8,66593271.6141672,66593271.6141672,0.9
Ace Ventura: When Nature Calls (1995),1996-12-01,36,9,62429046.8307212,62429046.8307212,0.8
Indiana Jones and the Temple of Doom (1984),1996-12-01,36,10,62096198.9612343,62096198.9612343,0
Interview with the Vampire (1994),1996-12-01,36,11,61614728.48994,61614728.48994,0.6
Ghostbusters II (1989),1996-12-01,36,12,60358396.9726994,60358396.9726994,0
The Lost World: Jurassic Park (1997),1997-06-01,37,1,114434475.918727,0,1
Batman Forever (1995),1997-06-01,37,2,88025315.4729921,88025315.4729921,0.6
Batman (1989),1997-06-01,37,3,82920128.6575987,82920128.6575987,0
Batman Returns (1992),1997-06-01,37,4,82879660.0658672,82879660.0658672,0
Jurassic Park (1993),1997-06-01,37,5,82825878.6039085,82825878.6039085,0.2
Independence Day (1996),1997-06-01,37,6,80235152.9797109,80235152.9797109,0.9
Mission: Impossible (1996),1997-06-01,37,7,73692913.0238673,73692913.0238673,0.8
The Lion King (1994),1997-06-01,37,8,70261343.6694523,70261343.6694523,0.4
Batman and Robin (1997),1997-06-01,37,9,68014898.9734082,0,1
Twister (1996),1997-06-01,37,10,66593271.6141672,66593271.6141672,0.8
Ace Ventura: When Nature Calls (1995),1997-06-01,37,11,62429046.8307212,62429046.8307212,0.7
Indiana Jones and the Temple of Doom (1984),1997-06-01,37,12,62096198.9612343,62096198.9612343,0
The Lost World: Jurassic Park (1997),1997-12-01,38,1,114434475.918727,114434475.918727,0.9
Batman Forever (1995),1997-12-01,38,2,88025315.4729921,88025315.4729921,0.5
Batman (1989),1997-12-01,38,3,82920128.6575987,82920128.6575987,0
Batman Returns (1992),1997-12-01,38,4,82879660.0658672,82879660.0658672,0
Jurassic Park (1993),1997-12-01,38,5,82825878.6039085,82825878.6039085,0.1
Independence Day (1996),1997-12-01,38,6,80235152.9797109,80235152.9797109,0.8
Men in Black (1997),1997-12-01,38,7,80215980.8488257,0,1
Mission: Impossible (1996),1997-12-01,38,8,73692913.0238673,73692913.0238673,0.7
The Lion King (1994),1997-12-01,38,9,70261343.6694523,70261343.6694523,0.3
Batman and Robin (1997),1997-12-01,38,10,68014898.9734082,68014898.9734082,0.9
Twister (1996),1997-12-01,38,11,66593271.6141672,66593271.6141672,0.7
Ace Ventura: When Nature Calls (1995),1997-12-01,38,12,62429046.8307212,62429046.8307212,0.6
The Lost World: Jurassic Park (1997),1998-06-01,39,1,114434475.918727,114434475.918727,0.8
Batman Forever (1995),1998-06-01,39,2,88025315.4729921,88025315.4729921,0.4
Batman (1989),1998-06-01,39,3,82920128.6575987,82920128.6575987,0
Batman Returns (1992),1998-06-01,39,4,82879660.0658672,82879660.0658672,0
Jurassic Park (1993),1998-06-01,39,5,82825878.6039085,82825878.6039085,0
Independence Day (1996),1998-06-01,39,6,80235152.9797109,80235152.9797109,0.7
Men in Black (1997),1998-06-01,39,7,80215980.8488257,80215980.8488257,0.9
Mission: Impossible (1996),1998-06-01,39,8,73692913.0238673,73692913.0238673,0.6
The Lion King (1994),1998-06-01,39,9,70261343.6694523,70261343.6694523,0.2
Godzilla (1998),1998-06-01,39,10,68762865.1724079,0,1
Batman and Robin (1997),1998-06-01,39,11,68014898.9734082,68014898.9734082,0.8
Twister (1996),1998-06-01,39,12,66593271.6141672,66593271.6141672,0.6
The Lost World: Jurassic Park (1997),1998-12-01,40,1,114434475.918727,114434475.918727,0.7
Batman Forever (1995),1998-12-01,40,2,88025315.4729921,88025315.4729921,0.3
Batman (1989),1998-12-01,40,3,82920128.6575987,82920128.6575987,0
Batman Returns (1992),1998-12-01,40,4,82879660.0658672,82879660.0658672,0
Jurassic Park (1993),1998-12-01,40,5,82825878.6039085,82825878.6039085,0
Independence Day (1996),1998-12-01,40,6,80235152.9797109,80235152.9797109,0.6
Men in Black (1997),1998-12-01,40,7,80215980.8488257,80215980.8488257,0.8
Mission: Impossible (1996),1998-12-01,40,8,73692913.0238673,73692913.0238673,0.5
The Lion King (1994),1998-12-01,40,9,70261343.6694523,70261343.6694523,0.1
Godzilla (1998),1998-12-01,40,10,68762865.1724079,68762865.1724079,0.9
Batman and Robin (1997),1998-12-01,40,11,68014898.9734082,68014898.9734082,0.7
Twister (1996),1998-12-01,40,12,66593271.6141672,66593271.6141672,0.5
The Lost World: Jurassic Park (1997),1999-06-01,41,1,114434475.918727,114434475.918727,0.6
Star Wars: Episode I - The Phantom Menace (1999),1999-06-01,41,2,99241686.0455422,0,1
Batman Forever (1995),1999-06-01,41,3,88025315.4729921,88025315.4729921,0.2
Austin Powers: The Spy Who Shagged Me (1999),1999-06-01,41,4,84079513.3818795,0,1
Batman (1989),1999-06-01,41,5,82920128.6575987,82920128.6575987,0
Batman Returns (1992),1999-06-01,41,6,82879660.0658672,82879660.0658672,0
Jurassic Park (1993),1999-06-01,41,7,82825878.6039085,82825878.6039085,0
Independence Day (1996),1999-06-01,41,8,80235152.9797109,80235152.9797109,0.5
Men in Black (1997),1999-06-01,41,9,80215980.8488257,80215980.8488257,0.7
Mission: Impossible (1996),1999-06-01,41,10,73692913.0238673,73692913.0238673,0.4
The Lion King (1994),1999-06-01,41,11,70261343.6694523,70261343.6694523,0
Godzilla (1998),1999-06-01,41,12,68762865.1724079,68762865.1724079,0.8
The Lost World: Jurassic Park (1997),1999-12-01,42,1,114434475.918727,114434475.918727,0.5
Star Wars: Episode I - The Phantom Menace (1999),1999-12-01,42,2,99241686.0455422,99241686.0455422,0.9
Batman Forever (1995),1999-12-01,42,3,88025315.4729921,88025315.4729921,0.1
Toy Story 2 (1999),1999-12-01,42,4,86405560.7474644,0,1
Austin Powers: The Spy Who Shagged Me (1999),1999-12-01,42,5,84079513.3818795,84079513.3818795,0.9
Batman (1989),1999-12-01,42,6,82920128.6575987,82920128.6575987,0
Batman Returns (1992),1999-12-01,42,7,82879660.0658672,82879660.0658672,0
Jurassic Park (1993),1999-12-01,42,8,82825878.6039085,82825878.6039085,0
Independence Day (1996),1999-12-01,42,9,80235152.9797109,80235152.9797109,0.4
Men in Black (1997),1999-12-01,42,10,80215980.8488257,80215980.8488257,0.6
Mission: Impossible (1996),1999-12-01,42,11,73692913.0238673,73692913.0238673,0.3
The Lion King (1994),1999-12-01,42,12,70261343.6694523,70261343.6694523,0
The Lost World: Jurassic Park (1997),2000-06-01,43,1,114434475.918727,114434475.918727,0.4
Star Wars: Episode I - The Phantom Menace (1999),2000-06-01,43,2,99241686.0455422,99241686.0455422,0.8
Batman Forever (1995),2000-06-01,43,3,88025315.4729921,88025315.4729921,0
Toy Story 2 (1999),2000-06-01,43,4,86405560.7474644,86405560.7474644,0.9
Mission: Impossible II (2000),2000-06-01,43,5,85373208.7221603,0,1
Austin Powers: The Spy Who Shagged Me (1999),2000-06-01,43,6,84079513.3818795,84079513.3818795,0.8
Batman (1989),2000-06-01,43,7,82920128.6575987,82920128.6575987,0
Batman Returns (1992),2000-06-01,43,8,82879660.0658672,82879660.0658672,0
Jurassic Park (1993),2000-06-01,43,9,82825878.6039085,82825878.6039085,0
Independence Day (1996),2000-06-01,43,10,80235152.9797109,80235152.9797109,0.3
Men in Black (1997),2000-06-01,43,11,80215980.8488257,80215980.8488257,0.5
Mission: Impossible (1996),2000-06-01,43,12,73692913.0238673,73692913.0238673,0.2
The Lost World: Jurassic Park (1997),2000-12-01,44,1,114434475.918727,114434475.918727,0.3
Star Wars: Episode I - The Phantom Menace (1999),2000-12-01,44,2,99241686.0455422,99241686.0455422,0.7
Batman Forever (1995),2000-12-01,44,3,88025315.4729921,88025315.4729921,0
Toy Story 2 (1999),2000-12-01,44,4,86405560.7474644,86405560.7474644,0.8
Mission: Impossible II (2000),2000-12-01,44,5,85373208.7221603,85373208.7221603,0.9
Austin Powers: The Spy Who Shagged Me (1999),2000-12-01,44,6,84079513.3818795,84079513.3818795,0.7
Batman (1989),2000-12-01,44,7,82920128.6575987,82920128.6575987,0
Batman Returns (1992),2000-12-01,44,8,82879660.0658672,82879660.0658672,0
Jurassic Park (1993),2000-12-01,44,9,82825878.6039085,82825878.6039085,0
Independence Day (1996),2000-12-01,44,10,80235152.9797109,80235152.9797109,0.2
Men in Black (1997),2000-12-01,44,11,80215980.8488257,80215980.8488257,0.4
How the Grinch Stole Christmas (2000),2000-12-01,44,12,80177915.2625429,0,1
The Lost World: Jurassic Park (1997),2001-06-01,45,1,114434475.918727,114434475.918727,0.2
Star Wars: Episode I - The Phantom Menace (1999),2001-06-01,45,2,99241686.0455422,99241686.0455422,0.6
The Mummy Returns (2001),2001-06-01,45,3,97453007.6937535,0,1
Batman Forever (1995),2001-06-01,45,4,88025315.4729921,88025315.4729921,0
Toy Story 2 (1999),2001-06-01,45,5,86405560.7474644,86405560.7474644,0.7
Mission: Impossible II (2000),2001-06-01,45,6,85373208.7221603,85373208.7221603,0.8
Pearl Harbor (2001),2001-06-01,45,7,84495145.3403264,0,1
Austin Powers: The Spy Who Shagged Me (1999),2001-06-01,45,8,84079513.3818795,84079513.3818795,0.6
Hannibal (2001),2001-06-01,45,9,82956540.2133258,0,1
Batman (1989),2001-06-01,45,10,82920128.6575987,82920128.6575987,0
Batman Returns (1992),2001-06-01,45,11,82879660.0658672,82879660.0658672,0
Jurassic Park (1993),2001-06-01,45,12,82825878.6039085,82825878.6039085,0
Harry Potter and the Sorcerer's Stone (2001),2001-12-01,46,1,129358496.831499,0,1
The Lost World: Jurassic Park (1997),2001-12-01,46,2,114434475.918727,114434475.918727,0.1
Star Wars: Episode I - The Phantom Menace (1999),2001-12-01,46,3,99241686.0455422,99241686.0455422,0.5
Planet of the Apes  (2001),2001-12-01,46,4,98182157.3736189,0,1
The Mummy Returns (2001),2001-12-01,46,5,97453007.6937535,97453007.6937535,0.9
Rush Hour 2 (2001),2001-12-01,46,6,96570827.5358286,0,1
Monsters, Inc. (2001),2001-12-01,46,7,89649585.2531905,0,1
Batman Forever (1995),2001-12-01,46,8,88025315.4729921,88025315.4729921,0
Toy Story 2 (1999),2001-12-01,46,9,86405560.7474644,86405560.7474644,0.6
Mission: Impossible II (2000),2001-12-01,46,10,85373208.7221603,85373208.7221603,0.7
Pearl Harbor (2001),2001-12-01,46,11,84495145.3403264,84495145.3403264,0.9
Austin Powers: The Spy Who Shagged Me (1999),2001-12-01,46,12,84079513.3818795,84079513.3818795,0.5
Spider-Man (2002),2002-06-01,47,1,162513376.353942,0,1
Harry Potter and the Sorcerer's Stone (2001),2002-06-01,47,2,129358496.831499,129358496.831499,0.9
The Lost World: Jurassic Park (1997),2002-06-01,47,3,114434475.918727,114434475.918727,0
Star Wars: Episode II - Attack of the Clones (2002),2002-06-01,47,4,113245595.058307,0,1
Star Wars: Episode I - The Phantom Menace (1999),2002-06-01,47,5,99241686.0455422,99241686.0455422,0.4
Planet of the Apes  (2001),2002-06-01,47,6,98182157.3736189,98182157.3736189,0.9
The Mummy Returns (2001),2002-06-01,47,7,97453007.6937535,97453007.6937535,0.8
Rush Hour 2 (2001),2002-06-01,47,8,96570827.5358286,96570827.5358286,0.9
Monsters, Inc. (2001),2002-06-01,47,9,89649585.2531905,89649585.2531905,0.9
Batman Forever (1995),2002-06-01,47,10,88025315.4729921,88025315.4729921,0
Toy Story 2 (1999),2002-06-01,47,11,86405560.7474644,86405560.7474644,0.5
Mission: Impossible II (2000),2002-06-01,47,12,85373208.7221603,85373208.7221603,0.6
Spider-Man (2002),2002-12-01,48,1,162513376.353942,162513376.353942,0.9
Harry Potter and the Sorcerer's Stone (2001),2002-12-01,48,2,129358496.831499,129358496.831499,0.8
Harry Potter and the Chamber of Secrets (2002),2002-12-01,48,3,123519685.699802,0,1
The Lost World: Jurassic Park (1997),2002-12-01,48,4,114434475.918727,114434475.918727,0
Star Wars: Episode II - Attack of the Clones (2002),2002-12-01,48,5,113245595.058307,113245595.058307,0.9
Austin Powers in Goldmember (2002),2002-12-01,48,6,102150144.597492,0,1
Star Wars: Episode I - The Phantom Menace (1999),2002-12-01,48,7,99241686.0455422,99241686.0455422,0.3
Planet of the Apes  (2001),2002-12-01,48,8,98182157.3736189,98182157.3736189,0.8
The Mummy Returns (2001),2002-12-01,48,9,97453007.6937535,97453007.6937535,0.7
Rush Hour 2 (2001),2002-12-01,48,10,96570827.5358286,96570827.5358286,0.8
Monsters, Inc. (2001),2002-12-01,48,11,89649585.2531905,89649585.2531905,0.8
Batman Forever (1995),2002-12-01,48,12,88025315.4729921,88025315.4729921,0
Spider-Man (2002),2003-06-01,49,1,162513376.353942,162513376.353942,0.8
Harry Potter and the Sorcerer's Stone (2001),2003-06-01,49,2,129358496.831499,129358496.831499,0.7
The Matrix Reloaded (2003),2003-06-01,49,3,127385491.61728,0,1
Harry Potter and the Chamber of Secrets (2002),2003-06-01,49,4,123519685.699802,123519685.699802,0.9
X2: X-Men United (2003),2003-06-01,49,5,118757948.477269,0,1
The Lost World: Jurassic Park (1997),2003-06-01,49,6,114434475.918727,114434475.918727,0
Star Wars: Episode II - Attack of the Clones (2002),2003-06-01,49,7,113245595.058307,113245595.058307,0.8
Austin Powers in Goldmember (2002),2003-06-01,49,8,102150144.597492,102150144.597492,0.9
Star Wars: Episode I - The Phantom Menace (1999),2003-06-01,49,9,99241686.0455422,99241686.0455422,0.2
Planet of the Apes  (2001),2003-06-01,49,10,98182157.3736189,98182157.3736189,0.7
Finding Nemo (2003),2003-06-01,49,11,97511368.6132168,0,1
The Mummy Returns (2001),2003-06-01,49,12,97453007.6937535,97453007.6937535,0.6
Spider-Man (2002),2003-12-01,50,1,162513376.353942,162513376.353942,0.7
Harry Potter and the Sorcerer's Stone (2001),2003-12-01,50,2,129358496.831499,129358496.831499,0.6
The Matrix Reloaded (2003),2003-12-01,50,3,127385491.61728,127385491.61728,0.9
Harry Potter and the Chamber of Secrets (2002),2003-12-01,50,4,123519685.699802,123519685.699802,0.8
X2: X-Men United (2003),2003-12-01,50,5,118757948.477269,118757948.477269,0.9
The Lost World: Jurassic Park (1997),2003-12-01,50,6,114434475.918727,114434475.918727,0
Star Wars: Episode II - Attack of the Clones (2002),2003-12-01,50,7,113245595.058307,113245595.058307,0.7
Austin Powers in Goldmember (2002),2003-12-01,50,8,102150144.597492,102150144.597492,0.8
The Lord of the Rings: The Return of the King (2003),2003-12-01,50,9,99507796.7629326,0,1
Star Wars: Episode I - The Phantom Menace (1999),2003-12-01,50,10,99241686.0455422,99241686.0455422,0.1
Planet of the Apes  (2001),2003-12-01,50,11,98182157.3736189,98182157.3736189,0.6
Finding Nemo (2003),2003-12-01,50,12,97511368.6132168,97511368.6132168,0.9
Spider-Man (2002),2004-06-01,51,1,162513376.353942,162513376.353942,0.6
Shrek 2 (2004),2004-06-01,51,2,145355270.608491,0,1
Harry Potter and the Sorcerer's Stone (2001),2004-06-01,51,3,129358496.831499,129358496.831499,0.5
The Matrix Reloaded (2003),2004-06-01,51,4,127385491.61728,127385491.61728,0.8
Harry Potter and the Prisoner of Azkaban (2004),2004-06-01,51,5,126047945.729571,0,1
Harry Potter and the Chamber of Secrets (2002),2004-06-01,51,6,123519685.699802,123519685.699802,0.7
X2: X-Men United (2003),2004-06-01,51,7,118757948.477269,118757948.477269,0.8
Spider-Man 2 (2004),2004-06-01,51,8,118606293.168851,0,1
The Lost World: Jurassic Park (1997),2004-06-01,51,9,114434475.918727,114434475.918727,0
Star Wars: Episode II - Attack of the Clones (2002),2004-06-01,51,10,113245595.058307,113245595.058307,0.6
The Passion of the Christ (2004),2004-06-01,51,11,112810070.641271,0,1
Austin Powers in Goldmember (2002),2004-06-01,51,12,102150144.597492,102150144.597492,0.7
Spider-Man (2002),2004-12-01,52,1,162513376.353942,162513376.353942,0.5
Shrek 2 (2004),2004-12-01,52,2,145355270.608491,145355270.608491,0.9
Harry Potter and the Sorcerer's Stone (2001),2004-12-01,52,3,129358496.831499,129358496.831499,0.4
The Matrix Reloaded (2003),2004-12-01,52,4,127385491.61728,127385491.61728,0.7
Harry Potter and the Prisoner of Azkaban (2004),2004-12-01,52,5,126047945.729571,126047945.729571,0.9
Harry Potter and the Chamber of Secrets (2002),2004-12-01,52,6,123519685.699802,123519685.699802,0.6
X2: X-Men United (2003),2004-12-01,52,7,118757948.477269,118757948.477269,0.7
Spider-Man 2 (2004),2004-12-01,52,8,118606293.168851,118606293.168851,0.9
The Lost World: Jurassic Park (1997),2004-12-01,52,9,114434475.918727,114434475.918727,0
Star Wars: Episode II - Attack of the Clones (2002),2004-12-01,52,10,113245595.058307,113245595.058307,0.5
The Passion of the Christ (2004),2004-12-01,52,11,112810070.641271,112810070.641271,0.9
Austin Powers in Goldmember (2002),2004-12-01,52,12,102150144.597492,102150144.597492,0.6
Spider-Man (2002),2005-06-01,53,1,162513376.353942,162513376.353942,0.4
Shrek 2 (2004),2005-06-01,53,2,145355270.608491,145355270.608491,0.8
Star Wars: Episode III - Revenge of the Sith (2005),2005-06-01,53,3,142275436.853216,0,1
Harry Potter and the Sorcerer's Stone (2001),2005-06-01,53,4,129358496.831499,129358496.831499,0.3
The Matrix Reloaded (2003),2005-06-01,53,5,127385491.61728,127385491.61728,0.6
Harry Potter and the Prisoner of Azkaban (2004),2005-06-01,53,6,126047945.729571,126047945.729571,0.8
Harry Potter and the Chamber of Secrets (2002),2005-06-01,53,7,123519685.699802,123519685.699802,0.5
X2: X-Men United (2003),2005-06-01,53,8,118757948.477269,118757948.477269,0.6
Spider-Man 2 (2004),2005-06-01,53,9,118606293.168851,118606293.168851,0.8
The Lost World: Jurassic Park (1997),2005-06-01,53,10,114434475.918727,114434475.918727,0
Star Wars: Episode II - Attack of the Clones (2002),2005-06-01,53,11,113245595.058307,113245595.058307,0.4
The Passion of the Christ (2004),2005-06-01,53,12,112810070.641271,112810070.641271,0.8
Spider-Man (2002),2005-12-01,54,1,162513376.353942,162513376.353942,0.3
Shrek 2 (2004),2005-12-01,54,2,145355270.608491,145355270.608491,0.7
Star Wars: Episode III - Revenge of the Sith (2005),2005-12-01,54,3,142275436.853216,142275436.853216,0.9
Harry Potter and the Goblet of Fire (2005),2005-12-01,54,4,131738675.498375,0,1
Harry Potter and the Sorcerer's Stone (2001),2005-12-01,54,5,129358496.831499,129358496.831499,0.2
The Matrix Reloaded (2003),2005-12-01,54,6,127385491.61728,127385491.61728,0.5
Harry Potter and the Prisoner of Azkaban (2004),2005-12-01,54,7,126047945.729571,126047945.729571,0.7
Harry Potter and the Chamber of Secrets (2002),2005-12-01,54,8,123519685.699802,123519685.699802,0.4
X2: X-Men United (2003),2005-12-01,54,9,118757948.477269,118757948.477269,0.5
Spider-Man 2 (2004),2005-12-01,54,10,118606293.168851,118606293.168851,0.7
The Lost World: Jurassic Park (1997),2005-12-01,54,11,114434475.918727,114434475.918727,0
Star Wars: Episode II - Attack of the Clones (2002),2005-12-01,54,12,113245595.058307,113245595.058307,0.3
Spider-Man (2002),2006-06-01,55,1,162513376.353942,162513376.353942,0.2
Shrek 2 (2004),2006-06-01,55,2,145355270.608491,145355270.608491,0.6
Star Wars: Episode III - Revenge of the Sith (2005),2006-06-01,55,3,142275436.853216,142275436.853216,0.8
Harry Potter and the Goblet of Fire (2005),2006-06-01,55,4,131738675.498375,131738675.498375,0.9
X-Men: The Last Stand (2006),2006-06-01,55,5,129404737.405451,0,1
Harry Potter and the Sorcerer's Stone (2001),2006-06-01,55,6,129358496.831499,129358496.831499,0.1
The Matrix Reloaded (2003),2006-06-01,55,7,127385491.61728,127385491.61728,0.4
Harry Potter and the Prisoner of Azkaban (2004),2006-06-01,55,8,126047945.729571,126047945.729571,0.6
Harry Potter and the Chamber of Secrets (2002),2006-06-01,55,9,123519685.699802,123519685.699802,0.3
X2: X-Men United (2003),2006-06-01,55,10,118757948.477269,118757948.477269,0.4
Spider-Man 2 (2004),2006-06-01,55,11,118606293.168851,118606293.168851,0.6
The Lost World: Jurassic Park (1997),2006-06-01,55,12,114434475.918727,114434475.918727,0
Pirates of the Caribbean: Dead Man's Chest (2006),2006-12-01,56,1,169725507.77938,0,1
Spider-Man (2002),2006-12-01,56,2,162513376.353942,162513376.353942,0.1
Shrek 2 (2004),2006-12-01,56,3,145355270.608491,145355270.608491,0.5
Star Wars: Episode III - Revenge of the Sith (2005),2006-12-01,56,4,142275436.853216,142275436.853216,0.7
Harry Potter and the Goblet of Fire (2005),2006-12-01,56,5,131738675.498375,131738675.498375,0.8
X-Men: The Last Stand (2006),2006-12-01,56,6,129404737.405451,129404737.405451,0.9
Harry Potter and the Sorcerer's Stone (2001),2006-12-01,56,7,129358496.831499,129358496.831499,0
The Matrix Reloaded (2003),2006-12-01,56,8,127385491.61728,127385491.61728,0.3
Harry Potter and the Prisoner of Azkaban (2004),2006-12-01,56,9,126047945.729571,126047945.729571,0.5
Harry Potter and the Chamber of Secrets (2002),2006-12-01,56,10,123519685.699802,123519685.699802,0.2
X2: X-Men United (2003),2006-12-01,56,11,118757948.477269,118757948.477269,0.3
Spider-Man 2 (2004),2006-12-01,56,12,118606293.168851,118606293.168851,0.5
Spider-Man 3 (2007),2007-06-01,57,1,185326540.569443,0,1
Pirates of the Caribbean: Dead Man's Chest (2006),2007-06-01,57,2,169725507.77938,169725507.77938,0.9
Spider-Man (2002),2007-06-01,57,3,162513376.353942,162513376.353942,0
Shrek the Third (2007),2007-06-01,57,4,149163919.588291,0,1
Shrek 2 (2004),2007-06-01,57,5,145355270.608491,145355270.608491,0.4
Star Wars: Episode III - Revenge of the Sith (2005),2007-06-01,57,6,142275436.853216,142275436.853216,0.6
Pirates of the Caribbean: At World's End (2007),2007-06-01,57,7,140706239.021396,0,1
Harry Potter and the Goblet of Fire (2005),2007-06-01,57,8,131738675.498375,131738675.498375,0.7
X-Men: The Last Stand (2006),2007-06-01,57,9,129404737.405451,129404737.405451,0.8
Harry Potter and the Sorcerer's Stone (2001),2007-06-01,57,10,129358496.831499,129358496.831499,0
The Matrix Reloaded (2003),2007-06-01,57,11,127385491.61728,127385491.61728,0.2
Harry Potter and the Prisoner of Azkaban (2004),2007-06-01,57,12,126047945.729571,126047945.729571,0.4
Spider-Man 3 (2007),2007-12-01,58,1,185326540.569443,185326540.569443,0.9
Pirates of the Caribbean: Dead Man's Chest (2006),2007-12-01,58,2,169725507.77938,169725507.77938,0.8
Spider-Man (2002),2007-12-01,58,3,162513376.353942,162513376.353942,0
Shrek the Third (2007),2007-12-01,58,4,149163919.588291,149163919.588291,0.9
Shrek 2 (2004),2007-12-01,58,5,145355270.608491,145355270.608491,0.3
Star Wars: Episode III - Revenge of the Sith (2005),2007-12-01,58,6,142275436.853216,142275436.853216,0.5
Pirates of the Caribbean: At World's End (2007),2007-12-01,58,7,140706239.021396,140706239.021396,0.9
Harry Potter and the Goblet of Fire (2005),2007-12-01,58,8,131738675.498375,131738675.498375,0.6
X-Men: The Last Stand (2006),2007-12-01,58,9,129404737.405451,129404737.405451,0.7
Harry Potter and the Sorcerer's Stone (2001),2007-12-01,58,10,129358496.831499,129358496.831499,0
The Matrix Reloaded (2003),2007-12-01,58,11,127385491.61728,127385491.61728,0.1
Harry Potter and the Prisoner of Azkaban (2004),2007-12-01,58,12,126047945.729571,126047945.729571,0.3
Spider-Man 3 (2007),2008-06-01,59,1,185326540.569443,185326540.569443,0.8
Pirates of the Caribbean: Dead Man's Chest (2006),2008-06-01,59,2,169725507.77938,169725507.77938,0.7
Spider-Man (2002),2008-06-01,59,3,162513376.353942,162513376.353942,0
Shrek the Third (2007),2008-06-01,59,4,149163919.588291,149163919.588291,0.8
Shrek 2 (2004),2008-06-01,59,5,145355270.608491,145355270.608491,0.2
Star Wars: Episode III - Revenge of the Sith (2005),2008-06-01,59,6,142275436.853216,142275436.853216,0.4
Pirates of the Caribbean: At World's End (2007),2008-06-01,59,7,140706239.021396,140706239.021396,0.8
Harry Potter and the Goblet of Fire (2005),2008-06-01,59,8,131738675.498375,131738675.498375,0.5
X-Men: The Last Stand (2006),2008-06-01,59,9,129404737.405451,129404737.405451,0.6
Harry Potter and the Sorcerer's Stone (2001),2008-06-01,59,10,129358496.831499,129358496.831499,0
The Matrix Reloaded (2003),2008-06-01,59,11,127385491.61728,127385491.61728,0
Harry Potter and the Prisoner of Azkaban (2004),2008-06-01,59,12,126047945.729571,126047945.729571,0.2
The Dark Knight (2008),2008-12-01,60,1,190446274.711606,0,1
Spider-Man 3 (2007),2008-12-01,60,2,185326540.569443,185326540.569443,0.7
Pirates of the Caribbean: Dead Man's Chest (2006),2008-12-01,60,3,169725507.77938,169725507.77938,0.6
Spider-Man (2002),2008-12-01,60,4,162513376.353942,162513376.353942,0
Shrek the Third (2007),2008-12-01,60,5,149163919.588291,149163919.588291,0.7
Shrek 2 (2004),2008-12-01,60,6,145355270.608491,145355270.608491,0.1
Star Wars: Episode III - Revenge of the Sith (2005),2008-12-01,60,7,142275436.853216,142275436.853216,0.3
Pirates of the Caribbean: At World's End (2007),2008-12-01,60,8,140706239.021396,140706239.021396,0.7
Harry Potter and the Goblet of Fire (2005),2008-12-01,60,9,131738675.498375,131738675.498375,0.4
X-Men: The Last Stand (2006),2008-12-01,60,10,129404737.405451,129404737.405451,0.5
Harry Potter and the Sorcerer's Stone (2001),2008-12-01,60,11,129358496.831499,129358496.831499,0
The Matrix Reloaded (2003),2008-12-01,60,12,127385491.61728,127385491.61728,0
The Dark Knight (2008),2009-06-01,61,1,190446274.711606,190446274.711606,0.9
Spider-Man 3 (2007),2009-06-01,61,2,185326540.569443,185326540.569443,0.6
Pirates of the Caribbean: Dead Man's Chest (2006),2009-06-01,61,3,169725507.77938,169725507.77938,0.5
Spider-Man (2002),2009-06-01,61,4,162513376.353942,162513376.353942,0
Shrek the Third (2007),2009-06-01,61,5,149163919.588291,149163919.588291,0.6
Shrek 2 (2004),2009-06-01,61,6,145355270.608491,145355270.608491,0
Star Wars: Episode III - Revenge of the Sith (2005),2009-06-01,61,7,142275436.853216,142275436.853216,0.2
Pirates of the Caribbean: At World's End (2007),2009-06-01,61,8,140706239.021396,140706239.021396,0.6
Harry Potter and the Goblet of Fire (2005),2009-06-01,61,9,131738675.498375,131738675.498375,0.3
X-Men: The Last Stand (2006),2009-06-01,61,10,129404737.405451,129404737.405451,0.4
Harry Potter and the Sorcerer's Stone (2001),2009-06-01,61,11,129358496.831499,129358496.831499,0
Transformers: Revenge of the Fallen (2009),2009-06-01,61,12,128933232.41974,0,1
The Dark Knight (2008),2009-12-01,62,1,190446274.711606,190446274.711606,0.8
Spider-Man 3 (2007),2009-12-01,62,2,185326540.569443,185326540.569443,0.5
Pirates of the Caribbean: Dead Man's Chest (2006),2009-12-01,62,3,169725507.77938,169725507.77938,0.4
The Twilight Saga: New Moon (2009),2009-12-01,62,4,167024532.154923,0,1
Spider-Man (2002),2009-12-01,62,5,162513376.353942,162513376.353942,0
Shrek the Third (2007),2009-12-01,62,6,149163919.588291,149163919.588291,0.5
Shrek 2 (2004),2009-12-01,62,7,145355270.608491,145355270.608491,0
Star Wars: Episode III - Revenge of the Sith (2005),2009-12-01,62,8,142275436.853216,142275436.853216,0.1
Pirates of the Caribbean: At World's End (2007),2009-12-01,62,9,140706239.021396,140706239.021396,0.5
Harry Potter and the Goblet of Fire (2005),2009-12-01,62,10,131738675.498375,131738675.498375,0.2
X-Men: The Last Stand (2006),2009-12-01,62,11,129404737.405451,129404737.405451,0.3
Harry Potter and the Sorcerer's Stone (2001),2009-12-01,62,12,129358496.831499,129358496.831499,0
The Dark Knight (2008),2010-06-01,63,1,190446274.711606,190446274.711606,0.7
Spider-Man 3 (2007),2010-06-01,63,2,185326540.569443,185326540.569443,0.4
Pirates of the Caribbean: Dead Man's Chest (2006),2010-06-01,63,3,169725507.77938,169725507.77938,0.3
The Twilight Saga: New Moon (2009),2010-06-01,63,4,167024532.154923,167024532.154923,0.9
Spider-Man (2002),2010-06-01,63,5,162513376.353942,162513376.353942,0
Iron Man 2 (2010),2010-06-01,63,6,149918149.010999,0,1
Shrek the Third (2007),2010-06-01,63,7,149163919.588291,149163919.588291,0.4
Shrek 2 (2004),2010-06-01,63,8,145355270.608491,145355270.608491,0
Star Wars: Episode III - Revenge of the Sith (2005),2010-06-01,63,9,142275436.853216,142275436.853216,0
Pirates of the Caribbean: At World's End (2007),2010-06-01,63,10,140706239.021396,140706239.021396,0.4
Alice in Wonderland  (2010),2010-06-01,63,11,135851651.220328,0,1
Harry Potter and the Goblet of Fire (2005),2010-06-01,63,12,131738675.498375,131738675.498375,0.1
The Dark Knight (2008),2010-12-01,64,1,190446274.711606,190446274.711606,0.6
Spider-Man 3 (2007),2010-12-01,64,2,185326540.569443,185326540.569443,0.3
Pirates of the Caribbean: Dead Man's Chest (2006),2010-12-01,64,3,169725507.77938,169725507.77938,0.2
The Twilight Saga: New Moon (2009),2010-12-01,64,4,167024532.154923,167024532.154923,0.8
Spider-Man (2002),2010-12-01,64,5,162513376.353942,162513376.353942,0
Iron Man 2 (2010),2010-12-01,64,6,149918149.010999,149918149.010999,0.9
Shrek the Third (2007),2010-12-01,64,7,149163919.588291,149163919.588291,0.3
Shrek 2 (2004),2010-12-01,64,8,145355270.608491,145355270.608491,0
Harry Potter and the Deathly Hallows Part 1 (2010),2010-12-01,64,9,144113152.958453,0,1
Star Wars: Episode III - Revenge of the Sith (2005),2010-12-01,64,10,142275436.853216,142275436.853216,0
Pirates of the Caribbean: At World's End (2007),2010-12-01,64,11,140706239.021396,140706239.021396,0.3
Alice in Wonderland  (2010),2010-12-01,64,12,135851651.220328,135851651.220328,0.9
The Dark Knight (2008),2011-06-01,65,1,190446274.711606,190446274.711606,0.5
Spider-Man 3 (2007),2011-06-01,65,2,185326540.569443,185326540.569443,0.2
Pirates of the Caribbean: Dead Man's Chest (2006),2011-06-01,65,3,169725507.77938,169725507.77938,0.1
The Twilight Saga: New Moon (2009),2011-06-01,65,4,167024532.154923,167024532.154923,0.7
Spider-Man (2002),2011-06-01,65,5,162513376.353942,162513376.353942,0
Iron Man 2 (2010),2011-06-01,65,6,149918149.010999,149918149.010999,0.8
Shrek the Third (2007),2011-06-01,65,7,149163919.588291,149163919.588291,0.2
Shrek 2 (2004),2011-06-01,65,8,145355270.608491,145355270.608491,0
Harry Potter and the Deathly Hallows Part 1 (2010),2011-06-01,65,9,144113152.958453,144113152.958453,0.9
Star Wars: Episode III - Revenge of the Sith (2005),2011-06-01,65,10,142275436.853216,142275436.853216,0
Pirates of the Caribbean: At World's End (2007),2011-06-01,65,11,140706239.021396,140706239.021396,0.2
Alice in Wonderland  (2010),2011-06-01,65,12,135851651.220328,135851651.220328,0.8
The Dark Knight (2008),2011-12-01,66,1,190446274.711606,190446274.711606,0.4
Harry Potter and the Deathly Hallows Part 2 (2011),2011-12-01,66,2,189237684.975535,0,1
Spider-Man 3 (2007),2011-12-01,66,3,185326540.569443,185326540.569443,0.1
Pirates of the Caribbean: Dead Man's Chest (2006),2011-12-01,66,4,169725507.77938,169725507.77938,0
The Twilight Saga: New Moon (2009),2011-12-01,66,5,167024532.154923,167024532.154923,0.6
Spider-Man (2002),2011-12-01,66,6,162513376.353942,162513376.353942,0
The Twilight Saga: Breaking Dawn Part 1 (2011),2011-12-01,66,7,154489186.343935,0,1
Iron Man 2 (2010),2011-12-01,66,8,149918149.010999,149918149.010999,0.7
Shrek the Third (2007),2011-12-01,66,9,149163919.588291,149163919.588291,0.1
Shrek 2 (2004),2011-12-01,66,10,145355270.608491,145355270.608491,0
Harry Potter and the Deathly Hallows Part 1 (2010),2011-12-01,66,11,144113152.958453,144113152.958453,0.8
Star Wars: Episode III - Revenge of the Sith (2005),2011-12-01,66,12,142275436.853216,142275436.853216,0
Marvel's The Avengers (2012),2012-06-01,67,1,230698450.756962,0,1
The Dark Knight (2008),2012-06-01,67,2,190446274.711606,190446274.711606,0.3
Harry Potter and the Deathly Hallows Part 2 (2011),2012-06-01,67,3,189237684.975535,189237684.975535,0.9
Spider-Man 3 (2007),2012-06-01,67,4,185326540.569443,185326540.569443,0
Pirates of the Caribbean: Dead Man's Chest (2006),2012-06-01,67,5,169725507.77938,169725507.77938,0
The Hunger Games (2012),2012-06-01,67,6,169639315.907983,0,1
The Twilight Saga: New Moon (2009),2012-06-01,67,7,167024532.154923,167024532.154923,0.5
Spider-Man (2002),2012-06-01,67,8,162513376.353942,162513376.353942,0
The Twilight Saga: Breaking Dawn Part 1 (2011),2012-06-01,67,9,154489186.343935,154489186.343935,0.9
Iron Man 2 (2010),2012-06-01,67,10,149918149.010999,149918149.010999,0.6
Shrek the Third (2007),2012-06-01,67,11,149163919.588291,149163919.588291,0
Shrek 2 (2004),2012-06-01,67,12,145355270.608491,145355270.608491,0
Marvel's The Avengers (2012),2012-12-01,68,1,230698450.756962,230698450.756962,0.9
The Dark Knight (2008),2012-12-01,68,2,190446274.711606,190446274.711606,0.2
Harry Potter and the Deathly Hallows Part 2 (2011),2012-12-01,68,3,189237684.975535,189237684.975535,0.8
Spider-Man 3 (2007),2012-12-01,68,4,185326540.569443,185326540.569443,0
The Dark Knight Rises (2012),2012-12-01,68,5,176840270.778433,0,1
Pirates of the Caribbean: Dead Man's Chest (2006),2012-12-01,68,6,169725507.77938,169725507.77938,0
The Hunger Games (2012),2012-12-01,68,7,169639315.907983,169639315.907983,0.9
The Twilight Saga: New Moon (2009),2012-12-01,68,8,167024532.154923,167024532.154923,0.4
Spider-Man (2002),2012-12-01,68,9,162513376.353942,162513376.353942,0
The Twilight Saga: Breaking Dawn Part 2 (2012),2012-12-01,68,10,155055367.141531,0,1
The Twilight Saga: Breaking Dawn Part 1 (2011),2012-12-01,68,11,154489186.343935,154489186.343935,0.8
Iron Man 2 (2010),2012-12-01,68,12,149918149.010999,149918149.010999,0.5
Marvel's The Avengers (2012),2013-06-01,69,1,230698450.756962,230698450.756962,0.8
The Dark Knight (2008),2013-06-01,69,2,190446274.711606,190446274.711606,0.1
Iron Man 3 (2013),2013-06-01,69,3,190404172.981049,0,1
Harry Potter and the Deathly Hallows Part 2 (2011),2013-06-01,69,4,189237684.975535,189237684.975535,0.7
Spider-Man 3 (2007),2013-06-01,69,5,185326540.569443,185326540.569443,0
The Dark Knight Rises (2012),2013-06-01,69,6,176840270.778433,176840270.778433,0.9
Pirates of the Caribbean: Dead Man's Chest (2006),2013-06-01,69,7,169725507.77938,169725507.77938,0
The Hunger Games (2012),2013-06-01,69,8,169639315.907983,169639315.907983,0.8
The Twilight Saga: New Moon (2009),2013-06-01,69,9,167024532.154923,167024532.154923,0.3
Spider-Man (2002),2013-06-01,69,10,162513376.353942,162513376.353942,0
The Twilight Saga: Breaking Dawn Part 2 (2012),2013-06-01,69,11,155055367.141531,155055367.141531,0.9
The Twilight Saga: Breaking Dawn Part 1 (2011),2013-06-01,69,12,154489186.343935,154489186.343935,0.7
Marvel's The Avengers (2012),2013-12-01,70,1,230698450.756962,230698450.756962,0.7
The Dark Knight (2008),2013-12-01,70,2,190446274.711606,190446274.711606,0
Iron Man 3 (2013),2013-12-01,70,3,190404172.981049,190404172.981049,0.9
Harry Potter and the Deathly Hallows Part 2 (2011),2013-12-01,70,4,189237684.975535,189237684.975535,0.6
Spider-Man 3 (2007),2013-12-01,70,5,185326540.569443,185326540.569443,0
The Dark Knight Rises (2012),2013-12-01,70,6,176840270.778433,176840270.778433,0.8
The Hunger Games: Catching Fire (2013),2013-12-01,70,7,171158975.789467,0,1
Pirates of the Caribbean: Dead Man's Chest (2006),2013-12-01,70,8,169725507.77938,169725507.77938,0
The Hunger Games (2012),2013-12-01,70,9,169639315.907983,169639315.907983,0.7
The Twilight Saga: New Moon (2009),2013-12-01,70,10,167024532.154923,167024532.154923,0.2
Spider-Man (2002),2013-12-01,70,11,162513376.353942,162513376.353942,0
The Twilight Saga: Breaking Dawn Part 2 (2012),2013-12-01,70,12,155055367.141531,155055367.141531,0.8
Marvel's The Avengers (2012),2014-06-01,71,1,230698450.756962,230698450.756962,0.6
The Dark Knight (2008),2014-06-01,71,2,190446274.711606,190446274.711606,0
Iron Man 3 (2013),2014-06-01,71,3,190404172.981049,190404172.981049,0.8
Harry Potter and the Deathly Hallows Part 2 (2011),2014-06-01,71,4,189237684.975535,189237684.975535,0.5
Spider-Man 3 (2007),2014-06-01,71,5,185326540.569443,185326540.569443,0
The Dark Knight Rises (2012),2014-06-01,71,6,176840270.778433,176840270.778433,0.7
The Hunger Games: Catching Fire (2013),2014-06-01,71,7,171158975.789467,171158975.789467,0.9
Pirates of the Caribbean: Dead Man's Chest (2006),2014-06-01,71,8,169725507.77938,169725507.77938,0
The Hunger Games (2012),2014-06-01,71,9,169639315.907983,169639315.907983,0.6
The Twilight Saga: New Moon (2009),2014-06-01,71,10,167024532.154923,167024532.154923,0.1
Spider-Man (2002),2014-06-01,71,11,162513376.353942,162513376.353942,0
The Twilight Saga: Breaking Dawn Part 2 (2012),2014-06-01,71,12,155055367.141531,155055367.141531,0.7
Marvel's The Avengers (2012),2014-12-01,72,1,230698450.756962,230698450.756962,0.5
The Dark Knight (2008),2014-12-01,72,2,190446274.711606,190446274.711606,0
Iron Man 3 (2013),2014-12-01,72,3,190404172.981049,190404172.981049,0.7
Harry Potter and the Deathly Hallows Part 2 (2011),2014-12-01,72,4,189237684.975535,189237684.975535,0.4
Spider-Man 3 (2007),2014-12-01,72,5,185326540.569443,185326540.569443,0
The Dark Knight Rises (2012),2014-12-01,72,6,176840270.778433,176840270.778433,0.6
The Hunger Games: Catching Fire (2013),2014-12-01,72,7,171158975.789467,171158975.789467,0.8
Pirates of the Caribbean: Dead Man's Chest (2006),2014-12-01,72,8,169725507.77938,169725507.77938,0
The Hunger Games (2012),2014-12-01,72,9,169639315.907983,169639315.907983,0.5
The Twilight Saga: New Moon (2009),2014-12-01,72,10,167024532.154923,167024532.154923,0
Spider-Man (2002),2014-12-01,72,11,162513376.353942,162513376.353942,0
The Twilight Saga: Breaking Dawn Part 2 (2012),2014-12-01,72,12,155055367.141531,155055367.141531,0.6
Marvel's The Avengers (2012),2015-06-01,73,1,230698450.756962,230698450.756962,0.4
Jurassic World (2015),2015-06-01,73,2,223269954.679154,0,1
Avengers: Age of Ultron (2015),2015-06-01,73,3,204520160.423638,0,1
The Dark Knight (2008),2015-06-01,73,4,190446274.711606,190446274.711606,0
Iron Man 3 (2013),2015-06-01,73,5,190404172.981049,190404172.981049,0.6
Harry Potter and the Deathly Hallows Part 2 (2011),2015-06-01,73,6,189237684.975535,189237684.975535,0.3
Spider-Man 3 (2007),2015-06-01,73,7,185326540.569443,185326540.569443,0
The Dark Knight Rises (2012),2015-06-01,73,8,176840270.778433,176840270.778433,0.5
The Hunger Games: Catching Fire (2013),2015-06-01,73,9,171158975.789467,171158975.789467,0.7
Pirates of the Caribbean: Dead Man's Chest (2006),2015-06-01,73,10,169725507.77938,169725507.77938,0
The Hunger Games (2012),2015-06-01,73,11,169639315.907983,169639315.907983,0.4
The Twilight Saga: New Moon (2009),2015-06-01,73,12,167024532.154923,167024532.154923,0
Star Wars: The Force Awakens (2015),2015-12-01,74,1,264994657.732206,0,1
Marvel's The Avengers (2012),2015-12-01,74,2,230698450.756962,230698450.756962,0.3
Jurassic World (2015),2015-12-01,74,3,223269954.679154,223269954.679154,0.9
Avengers: Age of Ultron (2015),2015-12-01,74,4,204520160.423638,204520160.423638,0.9
The Dark Knight (2008),2015-12-01,74,5,190446274.711606,190446274.711606,0
Iron Man 3 (2013),2015-12-01,74,6,190404172.981049,190404172.981049,0.5
Harry Potter and the Deathly Hallows Part 2 (2011),2015-12-01,74,7,189237684.975535,189237684.975535,0.2
Spider-Man 3 (2007),2015-12-01,74,8,185326540.569443,185326540.569443,0
The Dark Knight Rises (2012),2015-12-01,74,9,176840270.778433,176840270.778433,0.4
The Hunger Games: Catching Fire (2013),2015-12-01,74,10,171158975.789467,171158975.789467,0.6
Pirates of the Caribbean: Dead Man's Chest (2006),2015-12-01,74,11,169725507.77938,169725507.77938,0
The Hunger Games (2012),2015-12-01,74,12,169639315.907983,169639315.907983,0.3
Star Wars: The Force Awakens (2015),2016-06-01,75,1,264994657.732206,264994657.732206,0.9
Marvel's The Avengers (2012),2016-06-01,75,2,230698450.756962,230698450.756962,0.2
Jurassic World (2015),2016-06-01,75,3,223269954.679154,223269954.679154,0.8
Avengers: Age of Ultron (2015),2016-06-01,75,4,204520160.423638,204520160.423638,0.8
The Dark Knight (2008),2016-06-01,75,5,190446274.711606,190446274.711606,0
Iron Man 3 (2013),2016-06-01,75,6,190404172.981049,190404172.981049,0.4
Captain America: Civil War (2016),2016-06-01,75,7,189567487.044498,0,1
Harry Potter and the Deathly Hallows Part 2 (2011),2016-06-01,75,8,189237684.975535,189237684.975535,0.1
Spider-Man 3 (2007),2016-06-01,75,9,185326540.569443,185326540.569443,0
The Dark Knight Rises (2012),2016-06-01,75,10,176840270.778433,176840270.778433,0.3
Batman v Superman: Dawn of Justice (2016),2016-06-01,75,11,175671242.199619,0,1
The Hunger Games: Catching Fire (2013),2016-06-01,75,12,171158975.789467,171158975.789467,0.5
Star Wars: The Force Awakens (2015),2016-12-01,76,1,264994657.732206,264994657.732206,0.8
Marvel's The Avengers (2012),2016-12-01,76,2,230698450.756962,230698450.756962,0.1
Jurassic World (2015),2016-12-01,76,3,223269954.679154,223269954.679154,0.7
Avengers: Age of Ultron (2015),2016-12-01,76,4,204520160.423638,204520160.423638,0.7
The Dark Knight (2008),2016-12-01,76,5,190446274.711606,190446274.711606,0
Iron Man 3 (2013),2016-12-01,76,6,190404172.981049,190404172.981049,0.3
Captain America: Civil War (2016),2016-12-01,76,7,189567487.044498,189567487.044498,0.9
Harry Potter and the Deathly Hallows Part 2 (2011),2016-12-01,76,8,189237684.975535,189237684.975535,0
Spider-Man 3 (2007),2016-12-01,76,9,185326540.569443,185326540.569443,0
The Dark Knight Rises (2012),2016-12-01,76,10,176840270.778433,176840270.778433,0.2
Batman v Superman: Dawn of Justice (2016),2016-12-01,76,11,175671242.199619,175671242.199619,0.9
The Hunger Games: Catching Fire (2013),2016-12-01,76,12,171158975.789467,171158975.789467,0.4
Star Wars: The Force Awakens (2015),2017-06-01,77,1,264994657.732206,264994657.732206,0.7
Marvel's The Avengers (2012),2017-06-01,77,2,230698450.756962,230698450.756962,0
Jurassic World (2015),2017-06-01,77,3,223269954.679154,223269954.679154,0.6
Avengers: Age of Ultron (2015),2017-06-01,77,4,204520160.423638,204520160.423638,0.6
The Dark Knight (2008),2017-06-01,77,5,190446274.711606,190446274.711606,0
Iron Man 3 (2013),2017-06-01,77,6,190404172.981049,190404172.981049,0.2
Captain America: Civil War (2016),2017-06-01,77,7,189567487.044498,189567487.044498,0.8
Harry Potter and the Deathly Hallows Part 2 (2011),2017-06-01,77,8,189237684.975535,189237684.975535,0
Spider-Man 3 (2007),2017-06-01,77,9,185326540.569443,185326540.569443,0
Beauty and the Beast  (2017),2017-06-01,77,10,181882856.046588,0,1
The Dark Knight Rises (2012),2017-06-01,77,11,176840270.778433,176840270.778433,0.1
Batman v Superman: Dawn of Justice (2016),2017-06-01,77,12,175671242.199619,175671242.199619,0.8
Star Wars: The Force Awakens (2015),2017-12-01,78,1,264994657.732206,264994657.732206,0.6
Marvel's The Avengers (2012),2017-12-01,78,2,230698450.756962,230698450.756962,0
Star Wars: The Last Jedi (2017),2017-12-01,78,3,225553732.152884,0,1
Jurassic World (2015),2017-12-01,78,4,223269954.679154,223269954.679154,0.5
Avengers: Age of Ultron (2015),2017-12-01,78,5,204520160.423638,204520160.423638,0.5
The Dark Knight (2008),2017-12-01,78,6,190446274.711606,190446274.711606,0
Iron Man 3 (2013),2017-12-01,78,7,190404172.981049,190404172.981049,0.1
Captain America: Civil War (2016),2017-12-01,78,8,189567487.044498,189567487.044498,0.7
Harry Potter and the Deathly Hallows Part 2 (2011),2017-12-01,78,9,189237684.975535,189237684.975535,0
Spider-Man 3 (2007),2017-12-01,78,10,185326540.569443,185326540.569443,0
Beauty and the Beast  (2017),2017-12-01,78,11,181882856.046588,181882856.046588,0.9
The Dark Knight Rises (2012),2017-12-01,78,12,176840270.778433,176840270.778433,0
Star Wars: The Force Awakens (2015),2018-06-01,79,1,264994657.732206,264994657.732206,0.5
Avengers: Infinity War (2018),2018-06-01,79,2,260790963.442162,0,1
Marvel's The Avengers (2012),2018-06-01,79,3,230698450.756962,230698450.756962,0
Star Wars: The Last Jedi (2017),2018-06-01,79,4,225553732.152884,225553732.152884,0.9
Jurassic World (2015),2018-06-01,79,5,223269954.679154,223269954.679154,0.4
Avengers: Age of Ultron (2015),2018-06-01,79,6,204520160.423638,204520160.423638,0.4
Black Panther (2018),2018-06-01,79,7,204428313.72394,0,1
The Dark Knight (2008),2018-06-01,79,8,190446274.711606,190446274.711606,0
Iron Man 3 (2013),2018-06-01,79,9,190404172.981049,190404172.981049,0
Captain America: Civil War (2016),2018-06-01,79,10,189567487.044498,189567487.044498,0.6
Harry Potter and the Deathly Hallows Part 2 (2011),2018-06-01,79,11,189237684.975535,189237684.975535,0
Spider-Man 3 (2007),2018-06-01,79,12,185326540.569443,185326540.569443,0
Star Wars: The Force Awakens (2015),2018-12-01,80,1,264994657.732206,264994657.732206,0.4
Avengers: Infinity War (2018),2018-12-01,80,2,260790963.442162,260790963.442162,0.9
Marvel's The Avengers (2012),2018-12-01,80,3,230698450.756962,230698450.756962,0
Star Wars: The Last Jedi (2017),2018-12-01,80,4,225553732.152884,225553732.152884,0.8
Jurassic World (2015),2018-12-01,80,5,223269954.679154,223269954.679154,0.3
Avengers: Age of Ultron (2015),2018-12-01,80,6,204520160.423638,204520160.423638,0.3
Black Panther (2018),2018-12-01,80,7,204428313.72394,204428313.72394,0.9
The Dark Knight (2008),2018-12-01,80,8,190446274.711606,190446274.711606,0
Iron Man 3 (2013),2018-12-01,80,9,190404172.981049,190404172.981049,0
Captain America: Civil War (2016),2018-12-01,80,10,189567487.044498,189567487.044498,0.5
Harry Potter and the Deathly Hallows Part 2 (2011),2018-12-01,80,11,189237684.975535,189237684.975535,0
Spider-Man 3 (2007),2018-12-01,80,12,185326540.569443,185326540.569443,0
Avengers: Endgame (2019),2019-06-01,81,1,3.5e+08,0,1
Star Wars: The Force Awakens (2015),2019-06-01,81,2,264994657.732206,264994657.732206,0.3
Avengers: Infinity War (2018),2019-06-01,81,3,260790963.442162,260790963.442162,0.8
Marvel's The Avengers (2012),2019-06-01,81,4,230698450.756962,230698450.756962,0
Star Wars: The Last Jedi (2017),2019-06-01,81,5,225553732.152884,225553732.152884,0.7
Jurassic World (2015),2019-06-01,81,6,223269954.679154,223269954.679154,0.2
Avengers: Age of Ultron (2015),2019-06-01,81,7,204520160.423638,204520160.423638,0.2
Black Panther (2018),2019-06-01,81,8,204428313.72394,204428313.72394,0.8
The Dark Knight (2008),2019-06-01,81,9,190446274.711606,190446274.711606,0
Iron Man 3 (2013),2019-06-01,81,10,190404172.981049,190404172.981049,0
Captain America: Civil War (2016),2019-06-01,81,11,189567487.044498,189567487.044498,0.4
Harry Potter and the Deathly Hallows Part 2 (2011),2019-06-01,81,12,189237684.975535,189237684.975535,0
Avengers: Endgame (2019),2019-12-01,82,1,3.5e+08,3.5e+08,0.9
Star Wars: The Force Awakens (2015),2019-12-01,82,2,264994657.732206,264994657.732206,0.2
Avengers: Infinity War (2018),2019-12-01,82,3,260790963.442162,260790963.442162,0.7
Marvel's The Avengers (2012),2019-12-01,82,4,230698450.756962,230698450.756962,0
Star Wars: The Last Jedi (2017),2019-12-01,82,5,225553732.152884,225553732.152884,0.6
Jurassic World (2015),2019-12-01,82,6,223269954.679154,223269954.679154,0.1
Avengers: Age of Ultron (2015),2019-12-01,82,7,204520160.423638,204520160.423638,0.1
Black Panther (2018),2019-12-01,82,8,204428313.72394,204428313.72394,0.7
The Dark Knight (2008),2019-12-01,82,9,190446274.711606,190446274.711606,0
Iron Man 3 (2013),2019-12-01,82,10,190404172.981049,190404172.981049,0
Captain America: Civil War (2016),2019-12-01,82,11,189567487.044498,189567487.044498,0.3
Harry Potter and the Deathly Hallows Part 2 (2011),2019-12-01,82,12,189237684.975535,189237684.975535,0