name,date,index,rank,value,lastValue,age,
Jaws 2 (1978),197906,1,1,38575846.3600615,0,1,
Every Which Way But Loose (1978),197906,1,2,38448939.2564359,0,1,
Grease (1978),197906,1,3,34961838.3402462,0,1,
King Kong  (1976),197906,1,4,30567045.7929452,0,1,
The Deep (1977),197906,1,5,28714691.2383471,0,1,
Exorcist II: The Heretic (1977),197906,1,6,28292343.4710744,0,1,
Jaws (1975),197906,1,7,28111694.2446043,0,1,
Star Wars (1977),197906,1,8,27768426.689374,0,1,
Moonraker (1979),197906,1,9,25021764.694072,0,1,
Superman (1978),197906,1,10,24463275.8767599,0,1,
Rocky II (1979),197906,1,11,22495044.2863712,0,1,
Alien (1979),197906,1,12,18701860.7459834,0,1,
Star Trek: The Motion Picture (1979),197912,2,1,39415813.32,0,1,
Jaws 2 (1978),197912,2,2,38575846.3600615,38575846.3600615,0.9,
Every Which Way But Loose (1978),197912,2,3,38448939.2564359,38448939.2564359,0.9,
Grease (1978),197912,2,4,34961838.3402462,34961838.3402462,0.9,
King Kong  (1976),197912,2,5,30567045.7929452,30567045.7929452,0.9,
The Deep (1977),197912,2,6,28714691.2383471,28714691.2383471,0.9,
Exorcist II: The Heretic (1977),197912,2,7,28292343.4710744,28292343.4710744,0.9,
Jaws (1975),197912,2,8,28111694.2446043,28111694.2446043,0.9,
Star Wars (1977),197912,2,9,27768426.689374,27768426.689374,0.9,
The Amityville Horror (1979),197912,2,10,25921995.4631469,0,1,
Moonraker (1979),197912,2,11,25021764.694072,25021764.694072,0.9,
Superman (1978),197912,2,12,24463275.8767599,24463275.8767599,0.9,
Star Trek: The Motion Picture (1979),198006,3,1,39415813.32,39415813.32,0.9,
Jaws 2 (1978),198006,3,2,38575846.3600615,38575846.3600615,0.8,
Every Which Way But Loose (1978),198006,3,3,38448939.2564359,38448939.2564359,0.8,
Grease (1978),198006,3,4,34961838.3402462,34961838.3402462,0.8,
The Empire Strikes Back (1980),198006,3,5,33394452.6477091,0,1,
King Kong  (1976),198006,3,6,30567045.7929452,30567045.7929452,0.8,
The Deep (1977),198006,3,7,28714691.2383471,28714691.2383471,0.8,
Exorcist II: The Heretic (1977),198006,3,8,28292343.4710744,28292343.4710744,0.8,
Jaws (1975),198006,3,9,28111694.2446043,28111694.2446043,0.8,
Star Wars (1977),198006,3,10,27768426.689374,27768426.689374,0.8,
The Amityville Horror (1979),198006,3,11,25921995.4631469,25921995.4631469,0.9,
Moonraker (1979),198006,3,12,25021764.694072,25021764.694072,0.8,
Star Trek: The Motion Picture (1979),198012,4,1,39415813.32,39415813.32,0.8,
Jaws 2 (1978),198012,4,2,38575846.3600615,38575846.3600615,0.7,
Every Which Way But Loose (1978),198012,4,3,38448939.2564359,38448939.2564359,0.7,
Grease (1978),198012,4,4,34961838.3402462,34961838.3402462,0.7,
The Empire Strikes Back (1980),198012,4,5,33394452.6477091,33394452.6477091,0.9,
Smokey and the Bandit II (1980),198012,4,6,32015102.98125,0,1,
King Kong  (1976),198012,4,7,30567045.7929452,30567045.7929452,0.7,
The Deep (1977),198012,4,8,28714691.2383471,28714691.2383471,0.7,
Exorcist II: The Heretic (1977),198012,4,9,28292343.4710744,28292343.4710744,0.7,
Jaws (1975),198012,4,10,28111694.2446043,28111694.2446043,0.7,
Star Wars (1977),198012,4,11,27768426.689374,27768426.689374,0.7,
The Amityville Horror (1979),198012,4,12,25921995.4631469,25921995.4631469,0.8,
Superman II (1981),198106,5,1,39598007.9492155,0,1,
Star Trek: The Motion Picture (1979),198106,5,2,39415813.32,39415813.32,0.7,
Jaws 2 (1978),198106,5,3,38575846.3600615,38575846.3600615,0.6,
Every Which Way But Loose (1978),198106,5,4,38448939.2564359,38448939.2564359,0.6,
Grease (1978),198106,5,5,34961838.3402462,34961838.3402462,0.6,
The Empire Strikes Back (1980),198106,5,6,33394452.6477091,33394452.6477091,0.8,
The Cannonball Run (1981),198106,5,7,33041076.6054365,0,1,
Smokey and the Bandit II (1980),198106,5,8,32015102.98125,32015102.98125,0.9,
King Kong  (1976),198106,5,9,30567045.7929452,30567045.7929452,0.6,
The Deep (1977),198106,5,10,28714691.2383471,28714691.2383471,0.6,
Exorcist II: The Heretic (1977),198106,5,11,28292343.4710744,28292343.4710744,0.6,
Jaws (1975),198106,5,12,28111694.2446043,28111694.2446043,0.6,
Superman II (1981),198112,6,1,39598007.9492155,39598007.9492155,0.9,
Star Trek: The Motion Picture (1979),198112,6,2,39415813.32,39415813.32,0.6,
Jaws 2 (1978),198112,6,3,38575846.3600615,38575846.3600615,0.5,
Every Which Way But Loose (1978),198112,6,4,38448939.2564359,38448939.2564359,0.5,
Grease (1978),198112,6,5,34961838.3402462,34961838.3402462,0.5,
The Empire Strikes Back (1980),198112,6,6,33394452.6477091,33394452.6477091,0.7,
The Cannonball Run (1981),198112,6,7,33041076.6054365,33041076.6054365,0.9,
Smokey and the Bandit II (1980),198112,6,8,32015102.98125,32015102.98125,0.8,
King Kong  (1976),198112,6,9,30567045.7929452,30567045.7929452,0.5,
The Deep (1977),198112,6,10,28714691.2383471,28714691.2383471,0.5,
Exorcist II: The Heretic (1977),198112,6,11,28292343.4710744,28292343.4710744,0.5,
Jaws (1975),198112,6,12,28111694.2446043,28111694.2446043,0.5,
Superman II (1981),198206,7,1,39598007.9492155,39598007.9492155,0.8,
Star Trek: The Motion Picture (1979),198206,7,2,39415813.32,39415813.32,0.5,
Jaws 2 (1978),198206,7,3,38575846.3600615,38575846.3600615,0.4,
Every Which Way But Loose (1978),198206,7,4,38448939.2564359,38448939.2564359,0.4,
Star Trek II: The Wrath of Khan (1982),198206,7,5,37590902.2959588,0,1,
Grease (1978),198206,7,6,34961838.3402462,34961838.3402462,0.4,
The Empire Strikes Back (1980),198206,7,7,33394452.6477091,33394452.6477091,0.6,
The Cannonball Run (1981),198206,7,8,33041076.6054365,33041076.6054365,0.8,
Rocky III (1982),198206,7,9,32571518.5971959,0,1,
Smokey and the Bandit II (1980),198206,7,10,32015102.98125,32015102.98125,0.7,
E.T.: The Extra-Terrestrial (1982),198206,7,11,31009695.2945567,0,1,
King Kong  (1976),198206,7,12,30567045.7929452,30567045.7929452,0.4,
Superman II (1981),198212,8,1,39598007.9492155,39598007.9492155,0.7,
Star Trek: The Motion Picture (1979),198212,8,2,39415813.32,39415813.32,0.4,
Jaws 2 (1978),198212,8,3,38575846.3600615,38575846.3600615,0.3,
Every Which Way But Loose (1978),198212,8,4,38448939.2564359,38448939.2564359,0.3,
Star Trek II: The Wrath of Khan (1982),198212,8,5,37590902.2959588,37590902.2959588,0.9,
Grease (1978),198212,8,6,34961838.3402462,34961838.3402462,0.3,
The Empire Strikes Back (1980),198212,8,7,33394452.6477091,33394452.6477091,0.5,
The Cannonball Run (1981),198212,8,8,33041076.6054365,33041076.6054365,0.7,
Rocky III (1982),198212,8,9,32571518.5971959,32571518.5971959,0.9,
Smokey and the Bandit II (1980),198212,8,10,32015102.98125,32015102.98125,0.6,
E.T.: The Extra-Terrestrial (1982),198212,8,11,31009695.2945567,31009695.2945567,0.9,
The Best Little Whorehouse in Texas (1982),198212,8,12,30888653.6710747,0,1,
Return of the Jedi (1983),198306,9,1,58857041.0006439,0,1,
Superman II (1981),198306,9,2,39598007.9492155,39598007.9492155,0.6,
Star Trek: The Motion Picture (1979),198306,9,3,39415813.32,39415813.32,0.3,
Jaws 2 (1978),198306,9,4,38575846.3600615,38575846.3600615,0.2,
Every Which Way But Loose (1978),198306,9,5,38448939.2564359,38448939.2564359,0.2,
Star Trek II: The Wrath of Khan (1982),198306,9,6,37590902.2959588,37590902.2959588,0.8,
Grease (1978),198306,9,7,34961838.3402462,34961838.3402462,0.2,
Superman III (1983),198306,9,8,34139585.7830583,0,1,
The Empire Strikes Back (1980),198306,9,9,33394452.6477091,33394452.6477091,0.4,
The Cannonball Run (1981),198306,9,10,33041076.6054365,33041076.6054365,0.6,
Rocky III (1982),198306,9,11,32571518.5971959,32571518.5971959,0.8,
Smokey and the Bandit II (1980),198306,9,12,32015102.98125,32015102.98125,0.5,
Return of the Jedi (1983),198312,10,1,58857041.0006439,58857041.0006439,0.9,
Superman II (1981),198312,10,2,39598007.9492155,39598007.9492155,0.5,
Star Trek: The Motion Picture (1979),198312,10,3,39415813.32,39415813.32,0.2,
Jaws 2 (1978),198312,10,4,38575846.3600615,38575846.3600615,0.1,
Every Which Way But Loose (1978),198312,10,5,38448939.2564359,38448939.2564359,0.1,
Star Trek II: The Wrath of Khan (1982),198312,10,6,37590902.2959588,37590902.2959588,0.7,
Grease (1978),198312,10,7,34961838.3402462,34961838.3402462,0.1,
Superman III (1983),198312,10,8,34139585.7830583,34139585.7830583,0.9,
Jaws 3-D (1983),198312,10,9,33642026.9230769,0,1,
The Empire Strikes Back (1980),198312,10,10,33394452.6477091,33394452.6477091,0.3,
The Cannonball Run (1981),198312,10,11,33041076.6054365,33041076.6054365,0.5,
Rocky III (1982),198312,10,12,32571518.5971959,32571518.5971959,0.7,
Indiana Jones and the Temple of Doom (1984),198406,11,1,62096198.9612343,0,1,
Return of the Jedi (1983),198406,11,2,58857041.0006439,58857041.0006439,0.8,
Star Trek III: The Search for Spock (1984),198406,11,3,40862917.8173578,0,1,
Superman II (1981),198406,11,4,39598007.9492155,39598007.9492155,0.4,
Star Trek: The Motion Picture (1979),198406,11,5,39415813.32,39415813.32,0.1,
Jaws 2 (1978),198406,11,6,38575846.3600615,38575846.3600615,0,
Every Which Way But Loose (1978),198406,11,7,38448939.2564359,38448939.2564359,0,
Star Trek II: The Wrath of Khan (1982),198406,11,8,37590902.2959588,37590902.2959588,0.6,
Grease (1978),198406,11,9,34961838.3402462,34961838.3402462,0,
Superman III (1983),198406,11,10,34139585.7830583,34139585.7830583,0.8,
Jaws 3-D (1983),198406,11,11,33642026.9230769,33642026.9230769,0.9,
The Empire Strikes Back (1980),198406,11,12,33394452.6477091,33394452.6477091,0.2,
Indiana Jones and the Temple of Doom (1984),198412,12,1,62096198.9612343,62096198.9612343,0.9,
Return of the Jedi (1983),198412,12,2,58857041.0006439,58857041.0006439,0.7,
Star Trek III: The Search for Spock (1984),198412,12,3,40862917.8173578,40862917.8173578,0.9,
Superman II (1981),198412,12,4,39598007.9492155,39598007.9492155,0.3,
Star Trek: The Motion Picture (1979),198412,12,5,39415813.32,39415813.32,0,
Jaws 2 (1978),198412,12,6,38575846.3600615,38575846.3600615,0,
Every Which Way But Loose (1978),198412,12,7,38448939.2564359,38448939.2564359,0,
Star Trek II: The Wrath of Khan (1982),198412,12,8,37590902.2959588,37590902.2959588,0.5,
Beverly Hills Cop (1984),198412,12,9,36652248.9207583,0,1,
Grease (1978),198412,12,10,34961838.3402462,34961838.3402462,0,
Superman III (1983),198412,12,11,34139585.7830583,34139585.7830583,0.7,
Jaws 3-D (1983),198412,12,12,33642026.9230769,33642026.9230769,0.8,
Indiana Jones and the Temple of Doom (1984),198506,13,1,62096198.9612343,62096198.9612343,0.8,
Return of the Jedi (1983),198506,13,2,58857041.0006439,58857041.0006439,0.6,
Rambo: First Blood Part II (1985),198506,13,3,47699955.3313116,0,1,
Star Trek III: The Search for Spock (1984),198506,13,4,40862917.8173578,40862917.8173578,0.8,
Superman II (1981),198506,13,5,39598007.9492155,39598007.9492155,0.2,
Star Trek: The Motion Picture (1979),198506,13,6,39415813.32,39415813.32,0,
Jaws 2 (1978),198506,13,7,38575846.3600615,38575846.3600615,0,
Every Which Way But Loose (1978),198506,13,8,38448939.2564359,38448939.2564359,0,
Star Trek II: The Wrath of Khan (1982),198506,13,9,37590902.2959588,37590902.2959588,0.4,
Beverly Hills Cop (1984),198506,13,10,36652248.9207583,36652248.9207583,0.9,
Grease (1978),198506,13,11,34961838.3402462,34961838.3402462,0,
Superman III (1983),198506,13,12,34139585.7830583,34139585.7830583,0.6,
Indiana Jones and the Temple of Doom (1984),198512,14,1,62096198.9612343,62096198.9612343,0.7,
Return of the Jedi (1983),198512,14,2,58857041.0006439,58857041.0006439,0.5,
Rambo: First Blood Part II (1985),198512,14,3,47699955.3313116,47699955.3313116,0.9,
Rocky IV (1985),198512,14,4,46400083.5203288,0,1,
Star Trek III: The Search for Spock (1984),198512,14,5,40862917.8173578,40862917.8173578,0.7,
Superman II (1981),198512,14,6,39598007.9492155,39598007.9492155,0.1,
Star Trek: The Motion Picture (1979),198512,14,7,39415813.32,39415813.32,0,
Jaws 2 (1978),198512,14,8,38575846.3600615,38575846.3600615,0,
Every Which Way But Loose (1978),198512,14,9,38448939.2564359,38448939.2564359,0,
Star Trek II: The Wrath of Khan (1982),198512,14,10,37590902.2959588,37590902.2959588,0.3,
Beverly Hills Cop (1984),198512,14,11,36652248.9207583,36652248.9207583,0.8,
Grease (1978),198512,14,12,34961838.3402462,34961838.3402462,0,
Indiana Jones and the Temple of Doom (1984),198606,15,1,62096198.9612343,62096198.9612343,0.6,
Return of the Jedi (1983),198606,15,2,58857041.0006439,58857041.0006439,0.4,
Rambo: First Blood Part II (1985),198606,15,3,47699955.3313116,47699955.3313116,0.8,
Rocky IV (1985),198606,15,4,46400083.5203288,46400083.5203288,0.9,
Star Trek III: The Search for Spock (1984),198606,15,5,40862917.8173578,40862917.8173578,0.6,
Superman II (1981),198606,15,6,39598007.9492155,39598007.9492155,0,
Star Trek: The Motion Picture (1979),198606,15,7,39415813.32,39415813.32,0,
Jaws 2 (1978),198606,15,8,38575846.3600615,38575846.3600615,0,
Every Which Way But Loose (1978),198606,15,9,38448939.2564359,38448939.2564359,0,
Star Trek II: The Wrath of Khan (1982),198606,15,10,37590902.2959588,37590902.2959588,0.2,
Beverly Hills Cop (1984),198606,15,11,36652248.9207583,36652248.9207583,0.7,
Grease (1978),198606,15,12,34961838.3402462,34961838.3402462,0,
Indiana Jones and the Temple of Doom (1984),198612,16,1,62096198.9612343,62096198.9612343,0.5,
Return of the Jedi (1983),198612,16,2,58857041.0006439,58857041.0006439,0.3,
Rambo: First Blood Part II (1985),198612,16,3,47699955.3313116,47699955.3313116,0.7,
Rocky IV (1985),198612,16,4,46400083.5203288,46400083.5203288,0.8,
Star Trek III: The Search for Spock (1984),198612,16,5,40862917.8173578,40862917.8173578,0.5,
Superman II (1981),198612,16,6,39598007.9492155,39598007.9492155,0,
Star Trek: The Motion Picture (1979),198612,16,7,39415813.32,39415813.32,0,
Star Trek IV: The Voyage Home (1986),198612,16,8,38722906.7818051,0,1,
Jaws 2 (1978),198612,16,9,38575846.3600615,38575846.3600615,0,
Every Which Way But Loose (1978),198612,16,10,38448939.2564359,38448939.2564359,0,
Star Trek II: The Wrath of Khan (1982),198612,16,11,37590902.2959588,37590902.2959588,0.1,
Beverly Hills Cop (1984),198612,16,12,36652248.9207583,36652248.9207583,0.6,
Indiana Jones and the Temple of Doom (1984),198706,17,1,62096198.9612343,62096198.9612343,0.4,
Beverly Hills Cop II (1987),198706,17,2,58999405.7809692,0,1,
Return of the Jedi (1983),198706,17,3,58857041.0006439,58857041.0006439,0.2,
Rambo: First Blood Part II (1985),198706,17,4,47699955.3313116,47699955.3313116,0.6,
Rocky IV (1985),198706,17,5,46400083.5203288,46400083.5203288,0.7,
Star Trek III: The Search for Spock (1984),198706,17,6,40862917.8173578,40862917.8173578,0.4,
Superman II (1981),198706,17,7,39598007.9492155,39598007.9492155,0,
Star Trek: The Motion Picture (1979),198706,17,8,39415813.32,39415813.32,0,
Star Trek IV: The Voyage Home (1986),198706,17,9,38722906.7818051,38722906.7818051,0.9,
Jaws 2 (1978),198706,17,10,38575846.3600615,38575846.3600615,0,
Every Which Way But Loose (1978),198706,17,11,38448939.2564359,38448939.2564359,0,
Star Trek II: The Wrath of Khan (1982),198706,17,12,37590902.2959588,37590902.2959588,0,
Indiana Jones and the Temple of Doom (1984),198712,18,1,62096198.9612343,62096198.9612343,0.3,
Beverly Hills Cop II (1987),198712,18,2,58999405.7809692,58999405.7809692,0.9,
Return of the Jedi (1983),198712,18,3,58857041.0006439,58857041.0006439,0.1,
Rambo: First Blood Part II (1985),198712,18,4,47699955.3313116,47699955.3313116,0.5,
Rocky IV (1985),198712,18,5,46400083.5203288,46400083.5203288,0.6,
Star Trek III: The Search for Spock (1984),198712,18,6,40862917.8173578,40862917.8173578,0.3,
Superman II (1981),198712,18,7,39598007.9492155,39598007.9492155,0,
Star Trek: The Motion Picture (1979),198712,18,8,39415813.32,39415813.32,0,
Star Trek IV: The Voyage Home (1986),198712,18,9,38722906.7818051,38722906.7818051,0.8,
Jaws 2 (1978),198712,18,10,38575846.3600615,38575846.3600615,0,
Every Which Way But Loose (1978),198712,18,11,38448939.2564359,38448939.2564359,0,
Star Trek II: The Wrath of Khan (1982),198712,18,12,37590902.2959588,37590902.2959588,0,
Indiana Jones and the Temple of Doom (1984),198806,19,1,62096198.9612343,62096198.9612343,0.2,
Beverly Hills Cop II (1987),198806,19,2,58999405.7809692,58999405.7809692,0.8,
Return of the Jedi (1983),198806,19,3,58857041.0006439,58857041.0006439,0,
Rambo: First Blood Part II (1985),198806,19,4,47699955.3313116,47699955.3313116,0.4,
Rocky IV (1985),198806,19,5,46400083.5203288,46400083.5203288,0.5,
Star Trek III: The Search for Spock (1984),198806,19,6,40862917.8173578,40862917.8173578,0.2,
Superman II (1981),198806,19,7,39598007.9492155,39598007.9492155,0,
Star Trek: The Motion Picture (1979),198806,19,8,39415813.32,39415813.32,0,
Star Trek IV: The Voyage Home (1986),198806,19,9,38722906.7818051,38722906.7818051,0.7,
Jaws 2 (1978),198806,19,10,38575846.3600615,38575846.3600615,0,
Every Which Way But Loose (1978),198806,19,11,38448939.2564359,38448939.2564359,0,
Star Trek II: The Wrath of Khan (1982),198806,19,12,37590902.2959588,37590902.2959588,0,
Indiana Jones and the Temple of Doom (1984),198812,20,1,62096198.9612343,62096198.9612343,0.1,
Beverly Hills Cop II (1987),198812,20,2,58999405.7809692,58999405.7809692,0.7,
Return of the Jedi (1983),198812,20,3,58857041.0006439,58857041.0006439,0,
Rambo: First Blood Part II (1985),198812,20,4,47699955.3313116,47699955.3313116,0.3,
Rocky IV (1985),198812,20,5,46400083.5203288,46400083.5203288,0.4,
Star Trek III: The Search for Spock (1984),198812,20,6,40862917.8173578,40862917.8173578,0.1,
Superman II (1981),198812,20,7,39598007.9492155,39598007.9492155,0,
Star Trek: The Motion Picture (1979),198812,20,8,39415813.32,39415813.32,0,
Star Trek IV: The Voyage Home (1986),198812,20,9,38722906.7818051,38722906.7818051,0.6,
Jaws 2 (1978),198812,20,10,38575846.3600615,38575846.3600615,0,
Every Which Way But Loose (1978),198812,20,11,38448939.2564359,38448939.2564359,0,
Star Trek II: The Wrath of Khan (1982),198812,20,12,37590902.2959588,37590902.2959588,0,
Batman (1989),198906,21,1,82920128.6575987,0,1,
Indiana Jones and the Temple of Doom (1984),198906,21,2,62096198.9612343,62096198.9612343,0,
Ghostbusters II (1989),198906,21,3,60358396.9726994,0,1,
Indiana Jones and the Last Crusade (1989),198906,21,4,60117001.4271394,0,1,
Beverly Hills Cop II (1987),198906,21,5,58999405.7809692,58999405.7809692,0.6,
Return of the Jedi (1983),198906,21,6,58857041.0006439,58857041.0006439,0,
Rambo: First Blood Part II (1985),198906,21,7,47699955.3313116,47699955.3313116,0.2,
Rocky IV (1985),198906,21,8,46400083.5203288,46400083.5203288,0.3,
Star Trek III: The Search for Spock (1984),198906,21,9,40862917.8173578,40862917.8173578,0,
Superman II (1981),198906,21,10,39598007.9492155,39598007.9492155,0,
Star Trek: The Motion Picture (1979),198906,21,11,39415813.32,39415813.32,0,
Star Trek IV: The Voyage Home (1986),198906,21,12,38722906.7818051,38722906.7818051,0.5,
Batman (1989),198912,22,1,82920128.6575987,82920128.6575987,0.9,
Indiana Jones and the Temple of Doom (1984),198912,22,2,62096198.9612343,62096198.9612343,0,
Ghostbusters II (1989),198912,22,3,60358396.9726994,60358396.9726994,0.9,
Indiana Jones and the Last Crusade (1989),198912,22,4,60117001.4271394,60117001.4271394,0.9,
Beverly Hills Cop II (1987),198912,22,5,58999405.7809692,58999405.7809692,0.5,
Return of the Jedi (1983),198912,22,6,58857041.0006439,58857041.0006439,0,
Back to the Future Part II (1989),198912,22,7,56011412.1021378,0,1,
Rambo: First Blood Part II (1985),198912,22,8,47699955.3313116,47699955.3313116,0.1,
Rocky IV (1985),198912,22,9,46400083.5203288,46400083.5203288,0.2,
Lethal Weapon 2 (1989),198912,22,10,41027495.9809976,0,1,
Star Trek III: The Search for Spock (1984),198912,22,11,40862917.8173578,40862917.8173578,0,
Superman II (1981),198912,22,12,39598007.9492155,39598007.9492155,0,
Batman (1989),199006,23,1,82920128.6575987,82920128.6575987,0.8,
Indiana Jones and the Temple of Doom (1984),199006,23,2,62096198.9612343,62096198.9612343,0,
Ghostbusters II (1989),199006,23,3,60358396.9726994,60358396.9726994,0.8,
Indiana Jones and the Last Crusade (1989),199006,23,4,60117001.4271394,60117001.4271394,0.8,
Beverly Hills Cop II (1987),199006,23,5,58999405.7809692,58999405.7809692,0.4,
Return of the Jedi (1983),199006,23,6,58857041.0006439,58857041.0006439,0,
Back to the Future Part II (1989),199006,23,7,56011412.1021378,56011412.1021378,0.9,
Total Recall (1990),199006,23,8,49956418.6882217,0,1,
Teenage Mutant Ninja Turtles (1990),199006,23,9,49691641.0801848,0,1,
Rambo: First Blood Part II (1985),199006,23,10,47699955.3313116,47699955.3313116,0,
Rocky IV (1985),199006,23,11,46400083.5203288,46400083.5203288,0.1,
Dick Tracy (1990),199006,23,12,44106927.5814319,0,1,
Batman (1989),199012,24,1,82920128.6575987,82920128.6575987,0.7,
Indiana Jones and the Temple of Doom (1984),199012,24,2,62096198.9612343,62096198.9612343,0,
Ghostbusters II (1989),199012,24,3,60358396.9726994,60358396.9726994,0.7,
Indiana Jones and the Last Crusade (1989),199012,24,4,60117001.4271394,60117001.4271394,0.7,
Beverly Hills Cop II (1987),199012,24,5,58999405.7809692,58999405.7809692,0.3,
Return of the Jedi (1983),199012,24,6,58857041.0006439,58857041.0006439,0,
Back to the Future Part II (1989),199012,24,7,56011412.1021378,56011412.1021378,0.8,
Total Recall (1990),199012,24,8,49956418.6882217,49956418.6882217,0.9,
Teenage Mutant Ninja Turtles (1990),199012,24,9,49691641.0801848,49691641.0801848,0.9,
Rambo: First Blood Part II (1985),199012,24,10,47699955.3313116,47699955.3313116,0,
Rocky IV (1985),199012,24,11,46400083.5203288,46400083.5203288,0,
Dick Tracy (1990),199012,24,12,44106927.5814319,44106927.5814319,0.9,
Batman (1989),199106,25,1,82920128.6575987,82920128.6575987,0.6,
Indiana Jones and the Temple of Doom (1984),199106,25,2,62096198.9612343,62096198.9612343,0,
Ghostbusters II (1989),199106,25,3,60358396.9726994,60358396.9726994,0.6,
Indiana Jones and the Last Crusade (1989),199106,25,4,60117001.4271394,60117001.4271394,0.6,
Beverly Hills Cop II (1987),199106,25,5,58999405.7809692,58999405.7809692,0.2,
Return of the Jedi (1983),199106,25,6,58857041.0006439,58857041.0006439,0,
Back to the Future Part II (1989),199106,25,7,56011412.1021378,56011412.1021378,0.7,
Total Recall (1990),199106,25,8,49956418.6882217,49956418.6882217,0.8,
Teenage Mutant Ninja Turtles (1990),199106,25,9,49691641.0801848,49691641.0801848,0.8,
Robin Hood: Prince of Thieves (1991),199106,25,10,47887466.8904118,0,1,
Rambo: First Blood Part II (1985),199106,25,11,47699955.3313116,47699955.3313116,0,
Rocky IV (1985),199106,25,12,46400083.5203288,46400083.5203288,0,
Batman (1989),199112,26,1,82920128.6575987,82920128.6575987,0.5,
Indiana Jones and the Temple of Doom (1984),199112,26,2,62096198.9612343,62096198.9612343,0,
Ghostbusters II (1989),199112,26,3,60358396.9726994,60358396.9726994,0.5,
Indiana Jones and the Last Crusade (1989),199112,26,4,60117001.4271394,60117001.4271394,0.5,
Beverly Hills Cop II (1987),199112,26,5,58999405.7809692,58999405.7809692,0.1,
Return of the Jedi (1983),199112,26,6,58857041.0006439,58857041.0006439,0,
Terminator 2: Judgment Day (1991),199112,26,7,58416351.8009262,0,1,
Back to the Future Part II (1989),199112,26,8,56011412.1021378,56011412.1021378,0.6,
Total Recall (1990),199112,26,9,49956418.6882217,49956418.6882217,0.7,
Teenage Mutant Ninja Turtles (1990),199112,26,10,49691641.0801848,49691641.0801848,0.7,
Robin Hood: Prince of Thieves (1991),199112,26,11,47887466.8904118,47887466.8904118,0.9,
Rambo: First Blood Part II (1985),199112,26,12,47699955.3313116,47699955.3313116,0,
Batman (1989),199206,27,1,82920128.6575987,82920128.6575987,0.4,
Batman Returns (1992),199206,27,2,82879660.0658672,0,1,
Indiana Jones and the Temple of Doom (1984),199206,27,3,62096198.9612343,62096198.9612343,0,
Ghostbusters II (1989),199206,27,4,60358396.9726994,60358396.9726994,0.4,
Lethal Weapon 3 (1992),199206,27,5,60304524.0594433,0,1,
Indiana Jones and the Last Crusade (1989),199206,27,6,60117001.4271394,60117001.4271394,0.4,
Beverly Hills Cop II (1987),199206,27,7,58999405.7809692,58999405.7809692,0,
Return of the Jedi (1983),199206,27,8,58857041.0006439,58857041.0006439,0,
Terminator 2: Judgment Day (1991),199206,27,9,58416351.8009262,58416351.8009262,0.9,
Back to the Future Part II (1989),199206,27,10,56011412.1021378,56011412.1021378,0.5,
Total Recall (1990),199206,27,11,49956418.6882217,49956418.6882217,0.6,
Teenage Mutant Ninja Turtles (1990),199206,27,12,49691641.0801848,49691641.0801848,0.6,
Batman (1989),199212,28,1,82920128.6575987,82920128.6575987,0.3,
Batman Returns (1992),199212,28,2,82879660.0658672,82879660.0658672,0.9,
Indiana Jones and the Temple of Doom (1984),199212,28,3,62096198.9612343,62096198.9612343,0,
Ghostbusters II (1989),199212,28,4,60358396.9726994,60358396.9726994,0.3,
Lethal Weapon 3 (1992),199212,28,5,60304524.0594433,60304524.0594433,0.9,
Indiana Jones and the Last Crusade (1989),199212,28,6,60117001.4271394,60117001.4271394,0.3,
Beverly Hills Cop II (1987),199212,28,7,58999405.7809692,58999405.7809692,0,
Return of the Jedi (1983),199212,28,8,58857041.0006439,58857041.0006439,0,
Terminator 2: Judgment Day (1991),199212,28,9,58416351.8009262,58416351.8009262,0.8,
Back to the Future Part II (1989),199212,28,10,56011412.1021378,56011412.1021378,0.4,
Home Alone 2: Lost in New York (1992),199212,28,11,55592655.000253,0,1,
Bram Stoker's Dracula (1992),199212,28,12,54511761.5916514,0,1,
Batman (1989),199306,29,1,82920128.6575987,82920128.6575987,0.2,
Batman Returns (1992),199306,29,2,82879660.0658672,82879660.0658672,0.8,
Jurassic Park (1993),199306,29,3,82825878.6039085,0,1,
Indiana Jones and the Temple of Doom (1984),199306,29,4,62096198.9612343,62096198.9612343,0,
Ghostbusters II (1989),199306,29,5,60358396.9726994,60358396.9726994,0.2,
Lethal Weapon 3 (1992),199306,29,6,60304524.0594433,60304524.0594433,0.8,
Indiana Jones and the Last Crusade (1989),199306,29,7,60117001.4271394,60117001.4271394,0.2,
Beverly Hills Cop II (1987),199306,29,8,58999405.7809692,58999405.7809692,0,
Return of the Jedi (1983),199306,29,9,58857041.0006439,58857041.0006439,0,
Terminator 2: Judgment Day (1991),199306,29,10,58416351.8009262,58416351.8009262,0.7,
Back to the Future Part II (1989),199306,29,11,56011412.1021378,56011412.1021378,0.3,
Home Alone 2: Lost in New York (1992),199306,29,12,55592655.000253,55592655.000253,0.9,
Batman (1989),199312,30,1,82920128.6575987,82920128.6575987,0.1,
Batman Returns (1992),199312,30,2,82879660.0658672,82879660.0658672,0.7,
Jurassic Park (1993),199312,30,3,82825878.6039085,82825878.6039085,0.9,
Indiana Jones and the Temple of Doom (1984),199312,30,4,62096198.9612343,62096198.9612343,0,
Ghostbusters II (1989),199312,30,5,60358396.9726994,60358396.9726994,0.1,
Lethal Weapon 3 (1992),199312,30,6,60304524.0594433,60304524.0594433,0.7,
Indiana Jones and the Last Crusade (1989),199312,30,7,60117001.4271394,60117001.4271394,0.1,
Beverly Hills Cop II (1987),199312,30,8,58999405.7809692,58999405.7809692,0,
Return of the Jedi (1983),199312,30,9,58857041.0006439,58857041.0006439,0,
Terminator 2: Judgment Day (1991),199312,30,10,58416351.8009262,58416351.8009262,0.6,
Back to the Future Part II (1989),199312,30,11,56011412.1021378,56011412.1021378,0.2,
Home Alone 2: Lost in New York (1992),199312,30,12,55592655.000253,55592655.000253,0.8,
Batman (1989),199406,31,1,82920128.6575987,82920128.6575987,0,
Batman Returns (1992),199406,31,2,82879660.0658672,82879660.0658672,0.6,
Jurassic Park (1993),199406,31,3,82825878.6039085,82825878.6039085,0.8,
The Lion King (1994),199406,31,4,70261343.6694523,0,1,
Indiana Jones and the Temple of Doom (1984),199406,31,5,62096198.9612343,62096198.9612343,0,
Ghostbusters II (1989),199406,31,6,60358396.9726994,60358396.9726994,0,
Lethal Weapon 3 (1992),199406,31,7,60304524.0594433,60304524.0594433,0.6,
Indiana Jones and the Last Crusade (1989),199406,31,8,60117001.4271394,60117001.4271394,0,
Beverly Hills Cop II (1987),199406,31,9,58999405.7809692,58999405.7809692,0,
Return of the Jedi (1983),199406,31,10,58857041.0006439,58857041.0006439,0,
Terminator 2: Judgment Day (1991),199406,31,11,58416351.8009262,58416351.8009262,0.5,
Back to the Future Part II (1989),199406,31,12,56011412.1021378,56011412.1021378,0.1,
Batman (1989),199412,32,1,82920128.6575987,82920128.6575987,0,
Batman Returns (1992),199412,32,2,82879660.0658672,82879660.0658672,0.5,
Jurassic Park (1993),199412,32,3,82825878.6039085,82825878.6039085,0.7,
The Lion King (1994),199412,32,4,70261343.6694523,70261343.6694523,0.9,
Indiana Jones and the Temple of Doom (1984),199412,32,5,62096198.9612343,62096198.9612343,0,
Interview with the Vampire (1994),199412,32,6,61614728.48994,0,1,
Ghostbusters II (1989),199412,32,7,60358396.9726994,60358396.9726994,0,
Lethal Weapon 3 (1992),199412,32,8,60304524.0594433,60304524.0594433,0.5,
Indiana Jones and the Last Crusade (1989),199412,32,9,60117001.4271394,60117001.4271394,0,
Beverly Hills Cop II (1987),199412,32,10,58999405.7809692,58999405.7809692,0,
Return of the Jedi (1983),199412,32,11,58857041.0006439,58857041.0006439,0,
Terminator 2: Judgment Day (1991),199412,32,12,58416351.8009262,58416351.8009262,0.4,
Batman Forever (1995),199506,33,1,88025315.4729921,0,1,
Batman (1989),199506,33,2,82920128.6575987,82920128.6575987,0,
Batman Returns (1992),199506,33,3,82879660.0658672,82879660.0658672,0.4,
Jurassic Park (1993),199506,33,4,82825878.6039085,82825878.6039085,0.6,
The Lion King (1994),199506,33,5,70261343.6694523,70261343.6694523,0.8,
Indiana Jones and the Temple of Doom (1984),199506,33,6,62096198.9612343,62096198.9612343,0,
Interview with the Vampire (1994),199506,33,7,61614728.48994,61614728.48994,0.9,
Ghostbusters II (1989),199506,33,8,60358396.9726994,60358396.9726994,0,
Lethal Weapon 3 (1992),199506,33,9,60304524.0594433,60304524.0594433,0.4,
Indiana Jones and the Last Crusade (1989),199506,33,10,60117001.4271394,60117001.4271394,0,
Beverly Hills Cop II (1987),199506,33,11,58999405.7809692,58999405.7809692,0,
Return of the Jedi (1983),199506,33,12,58857041.0006439,58857041.0006439,0,
Batman Forever (1995),199512,34,1,88025315.4729921,88025315.4729921,0.9,
Batman (1989),199512,34,2,82920128.6575987,82920128.6575987,0,
Batman Returns (1992),199512,34,3,82879660.0658672,82879660.0658672,0.3,
Jurassic Park (1993),199512,34,4,82825878.6039085,82825878.6039085,0.5,
The Lion King (1994),199512,34,5,70261343.6694523,70261343.6694523,0.7,
Ace Ventura: When Nature Calls (1995),199512,34,6,62429046.8307212,0,1,
Indiana Jones and the Temple of Doom (1984),199512,34,7,62096198.9612343,62096198.9612343,0,
Interview with the Vampire (1994),199512,34,8,61614728.48994,61614728.48994,0.8,
Ghostbusters II (1989),199512,34,9,60358396.9726994,60358396.9726994,0,
Lethal Weapon 3 (1992),199512,34,10,60304524.0594433,60304524.0594433,0.3,
Indiana Jones and the Last Crusade (1989),199512,34,11,60117001.4271394,60117001.4271394,0,
Beverly Hills Cop II (1987),199512,34,12,58999405.7809692,58999405.7809692,0,
Batman Forever (1995),199606,35,1,88025315.4729921,88025315.4729921,0.8,
Batman (1989),199606,35,2,82920128.6575987,82920128.6575987,0,
Batman Returns (1992),199606,35,3,82879660.0658672,82879660.0658672,0.2,
Jurassic Park (1993),199606,35,4,82825878.6039085,82825878.6039085,0.4,
Mission: Impossible (1996),199606,35,5,73692913.0238673,0,1,
The Lion King (1994),199606,35,6,70261343.6694523,70261343.6694523,0.6,
Twister (1996),199606,35,7,66593271.6141672,0,1,
Ace Ventura: When Nature Calls (1995),199606,35,8,62429046.8307212,62429046.8307212,0.9,
Indiana Jones and the Temple of Doom (1984),199606,35,9,62096198.9612343,62096198.9612343,0,
Interview with the Vampire (1994),199606,35,10,61614728.48994,61614728.48994,0.7,
Ghostbusters II (1989),199606,35,11,60358396.9726994,60358396.9726994,0,
Lethal Weapon 3 (1992),199606,35,12,60304524.0594433,60304524.0594433,0.2,
Batman Forever (1995),199612,36,1,88025315.4729921,88025315.4729921,0.7,
Batman (1989),199612,36,2,82920128.6575987,82920128.6575987,0,
Batman Returns (1992),199612,36,3,82879660.0658672,82879660.0658672,0.1,
Jurassic Park (1993),199612,36,4,82825878.6039085,82825878.6039085,0.3,
Independence Day (1996),199612,36,5,80235152.9797109,0,1,
Mission: Impossible (1996),199612,36,6,73692913.0238673,73692913.0238673,0.9,
The Lion King (1994),199612,36,7,70261343.6694523,70261343.6694523,0.5,
Twister (1996),199612,36,8,66593271.6141672,66593271.6141672,0.9,
Ace Ventura: When Nature Calls (1995),199612,36,9,62429046.8307212,62429046.8307212,0.8,
Indiana Jones and the Temple of Doom (1984),199612,36,10,62096198.9612343,62096198.9612343,0,
Interview with the Vampire (1994),199612,36,11,61614728.48994,61614728.48994,0.6,
Ghostbusters II (1989),199612,36,12,60358396.9726994,60358396.9726994,0,
The Lost World: Jurassic Park (1997),199706,37,1,114434475.918727,0,1,
Batman Forever (1995),199706,37,2,88025315.4729921,88025315.4729921,0.6,
Batman (1989),199706,37,3,82920128.6575987,82920128.6575987,0,
Batman Returns (1992),199706,37,4,82879660.0658672,82879660.0658672,0,
Jurassic Park (1993),199706,37,5,82825878.6039085,82825878.6039085,0.2,
Independence Day (1996),199706,37,6,80235152.9797109,80235152.9797109,0.9,
Mission: Impossible (1996),199706,37,7,73692913.0238673,73692913.0238673,0.8,
The Lion King (1994),199706,37,8,70261343.6694523,70261343.6694523,0.4,
Batman and Robin (1997),199706,37,9,68014898.9734082,0,1,
Twister (1996),199706,37,10,66593271.6141672,66593271.6141672,0.8,
Ace Ventura: When Nature Calls (1995),199706,37,11,62429046.8307212,62429046.8307212,0.7,
Indiana Jones and the Temple of Doom (1984),199706,37,12,62096198.9612343,62096198.9612343,0,
The Lost World: Jurassic Park (1997),199712,38,1,114434475.918727,114434475.918727,0.9,
Batman Forever (1995),199712,38,2,88025315.4729921,88025315.4729921,0.5,
Batman (1989),199712,38,3,82920128.6575987,82920128.6575987,0,
Batman Returns (1992),199712,38,4,82879660.0658672,82879660.0658672,0,
Jurassic Park (1993),199712,38,5,82825878.6039085,82825878.6039085,0.1,
Independence Day (1996),199712,38,6,80235152.9797109,80235152.9797109,0.8,
Men in Black (1997),199712,38,7,80215980.8488257,0,1,
Mission: Impossible (1996),199712,38,8,73692913.0238673,73692913.0238673,0.7,
The Lion King (1994),199712,38,9,70261343.6694523,70261343.6694523,0.3,
Batman and Robin (1997),199712,38,10,68014898.9734082,68014898.9734082,0.9,
Twister (1996),199712,38,11,66593271.6141672,66593271.6141672,0.7,
Ace Ventura: When Nature Calls (1995),199712,38,12,62429046.8307212,62429046.8307212,0.6,
The Lost World: Jurassic Park (1997),199806,39,1,114434475.918727,114434475.918727,0.8,
Batman Forever (1995),199806,39,2,88025315.4729921,88025315.4729921,0.4,
Batman (1989),199806,39,3,82920128.6575987,82920128.6575987,0,
Batman Returns (1992),199806,39,4,82879660.0658672,82879660.0658672,0,
Jurassic Park (1993),199806,39,5,82825878.6039085,82825878.6039085,0,
Independence Day (1996),199806,39,6,80235152.9797109,80235152.9797109,0.7,
Men in Black (1997),199806,39,7,80215980.8488257,80215980.8488257,0.9,
Mission: Impossible (1996),199806,39,8,73692913.0238673,73692913.0238673,0.6,
The Lion King (1994),199806,39,9,70261343.6694523,70261343.6694523,0.2,
Godzilla (1998),199806,39,10,68762865.1724079,0,1,
Batman and Robin (1997),199806,39,11,68014898.9734082,68014898.9734082,0.8,
Twister (1996),199806,39,12,66593271.6141672,66593271.6141672,0.6,
The Lost World: Jurassic Park (1997),199812,40,1,114434475.918727,114434475.918727,0.7,
Batman Forever (1995),199812,40,2,88025315.4729921,88025315.4729921,0.3,
Batman (1989),199812,40,3,82920128.6575987,82920128.6575987,0,
Batman Returns (1992),199812,40,4,82879660.0658672,82879660.0658672,0,
Jurassic Park (1993),199812,40,5,82825878.6039085,82825878.6039085,0,
Independence Day (1996),199812,40,6,80235152.9797109,80235152.9797109,0.6,
Men in Black (1997),199812,40,7,80215980.8488257,80215980.8488257,0.8,
Mission: Impossible (1996),199812,40,8,73692913.0238673,73692913.0238673,0.5,
The Lion King (1994),199812,40,9,70261343.6694523,70261343.6694523,0.1,
Godzilla (1998),199812,40,10,68762865.1724079,68762865.1724079,0.9,
Batman and Robin (1997),199812,40,11,68014898.9734082,68014898.9734082,0.7,
Twister (1996),199812,40,12,66593271.6141672,66593271.6141672,0.5,
The Lost World: Jurassic Park (1997),199906,41,1,114434475.918727,114434475.918727,0.6,
Star Wars: Episode I - The Phantom Menace (1999),199906,41,2,99241686.0455422,0,1,
Batman Forever (1995),199906,41,3,88025315.4729921,88025315.4729921,0.2,
Austin Powers: The Spy Who Shagged Me (1999),199906,41,4,84079513.3818795,0,1,
Batman (1989),199906,41,5,82920128.6575987,82920128.6575987,0,
Batman Returns (1992),199906,41,6,82879660.0658672,82879660.0658672,0,
Jurassic Park (1993),199906,41,7,82825878.6039085,82825878.6039085,0,
Independence Day (1996),199906,41,8,80235152.9797109,80235152.9797109,0.5,
Men in Black (1997),199906,41,9,80215980.8488257,80215980.8488257,0.7,
Mission: Impossible (1996),199906,41,10,73692913.0238673,73692913.0238673,0.4,
The Lion King (1994),199906,41,11,70261343.6694523,70261343.6694523,0,
Godzilla (1998),199906,41,12,68762865.1724079,68762865.1724079,0.8,
The Lost World: Jurassic Park (1997),199912,42,1,114434475.918727,114434475.918727,0.5,
Star Wars: Episode I - The Phantom Menace (1999),199912,42,2,99241686.0455422,99241686.0455422,0.9,
Batman Forever (1995),199912,42,3,88025315.4729921,88025315.4729921,0.1,
Toy Story 2 (1999),199912,42,4,86405560.7474644,0,1,
Austin Powers: The Spy Who Shagged Me (1999),199912,42,5,84079513.3818795,84079513.3818795,0.9,
Batman (1989),199912,42,6,82920128.6575987,82920128.6575987,0,
Batman Returns (1992),199912,42,7,82879660.0658672,82879660.0658672,0,
Jurassic Park (1993),199912,42,8,82825878.6039085,82825878.6039085,0,
Independence Day (1996),199912,42,9,80235152.9797109,80235152.9797109,0.4,
Men in Black (1997),199912,42,10,80215980.8488257,80215980.8488257,0.6,
Mission: Impossible (1996),199912,42,11,73692913.0238673,73692913.0238673,0.3,
The Lion King (1994),199912,42,12,70261343.6694523,70261343.6694523,0,
The Lost World: Jurassic Park (1997),200006,43,1,114434475.918727,114434475.918727,0.4,
Star Wars: Episode I - The Phantom Menace (1999),200006,43,2,99241686.0455422,99241686.0455422,0.8,
Batman Forever (1995),200006,43,3,88025315.4729921,88025315.4729921,0,
Toy Story 2 (1999),200006,43,4,86405560.7474644,86405560.7474644,0.9,
Mission: Impossible II (2000),200006,43,5,85373208.7221603,0,1,
Austin Powers: The Spy Who Shagged Me (1999),200006,43,6,84079513.3818795,84079513.3818795,0.8,
Batman (1989),200006,43,7,82920128.6575987,82920128.6575987,0,
Batman Returns (1992),200006,43,8,82879660.0658672,82879660.0658672,0,
Jurassic Park (1993),200006,43,9,82825878.6039085,82825878.6039085,0,
Independence Day (1996),200006,43,10,80235152.9797109,80235152.9797109,0.3,
Men in Black (1997),200006,43,11,80215980.8488257,80215980.8488257,0.5,
Mission: Impossible (1996),200006,43,12,73692913.0238673,73692913.0238673,0.2,
The Lost World: Jurassic Park (1997),200012,44,1,114434475.918727,114434475.918727,0.3,
Star Wars: Episode I - The Phantom Menace (1999),200012,44,2,99241686.0455422,99241686.0455422,0.7,
Batman Forever (1995),200012,44,3,88025315.4729921,88025315.4729921,0,
Toy Story 2 (1999),200012,44,4,86405560.7474644,86405560.7474644,0.8,
Mission: Impossible II (2000),200012,44,5,85373208.7221603,85373208.7221603,0.9,
Austin Powers: The Spy Who Shagged Me (1999),200012,44,6,84079513.3818795,84079513.3818795,0.7,
Batman (1989),200012,44,7,82920128.6575987,82920128.6575987,0,
Batman Returns (1992),200012,44,8,82879660.0658672,82879660.0658672,0,
Jurassic Park (1993),200012,44,9,82825878.6039085,82825878.6039085,0,
Independence Day (1996),200012,44,10,80235152.9797109,80235152.9797109,0.2,
Men in Black (1997),200012,44,11,80215980.8488257,80215980.8488257,0.4,
How the Grinch Stole Christmas (2000),200012,44,12,80177915.2625429,0,1,
The Lost World: Jurassic Park (1997),202006,45,1,114434475.918727,114434475.918727,0.2,
Star Wars: Episode I - The Phantom Menace (1999),202006,45,2,99241686.0455422,99241686.0455422,0.6,
The Mummy Returns (2001),202006,45,3,97453007.6937535,0,1,
Batman Forever (1995),202006,45,4,88025315.4729921,88025315.4729921,0,
Toy Story 2 (1999),202006,45,5,86405560.7474644,86405560.7474644,0.7,
Mission: Impossible II (2000),202006,45,6,85373208.7221603,85373208.7221603,0.8,
Pearl Harbor (2001),202006,45,7,84495145.3403264,0,1,
Austin Powers: The Spy Who Shagged Me (1999),202006,45,8,84079513.3818795,84079513.3818795,0.6,
Hannibal (2001),202006,45,9,82956540.2133258,0,1,
Batman (1989),202006,45,10,82920128.6575987,82920128.6575987,0,
Batman Returns (1992),202006,45,11,82879660.0658672,82879660.0658672,0,
Jurassic Park (1993),202006,45,12,82825878.6039085,82825878.6039085,0,
Harry Potter and the Sorcerer's Stone (2001),202012,46,1,129358496.831499,0,1,
The Lost World: Jurassic Park (1997),202012,46,2,114434475.918727,114434475.918727,0.1,
Star Wars: Episode I - The Phantom Menace (1999),202012,46,3,99241686.0455422,99241686.0455422,0.5,
Planet of the Apes  (2001),202012,46,4,98182157.3736189,0,1,
The Mummy Returns (2001),202012,46,5,97453007.6937535,97453007.6937535,0.9,
Rush Hour 2 (2001),202012,46,6,96570827.5358286,0,1,
Monsters, Inc. (20),2001-12-01,46,7,89649585.2531905,0,1
Batman Forever (1995),202012,46,8,88025315.4729921,88025315.4729921,0,
Toy Story 2 (1999),202012,46,9,86405560.7474644,86405560.7474644,0.6,
Mission: Impossible II (2000),202012,46,10,85373208.7221603,85373208.7221603,0.7,
Pearl Harbor (2001),202012,46,11,84495145.3403264,84495145.3403264,0.9,
Austin Powers: The Spy Who Shagged Me (1999),202012,46,12,84079513.3818795,84079513.3818795,0.5,
Spider-Man (2002),200206,47,1,162513376.353942,0,1,
Harry Potter and the Sorcerer's Stone (2001),200206,47,2,129358496.831499,129358496.831499,0.9,
The Lost World: Jurassic Park (1997),200206,47,3,114434475.918727,114434475.918727,0,
Star Wars: Episode II - Attack of the Clones (2002),200206,47,4,113245595.058307,0,1,
Star Wars: Episode I - The Phantom Menace (1999),200206,47,5,99241686.0455422,99241686.0455422,0.4,
Planet of the Apes  (2001),200206,47,6,98182157.3736189,98182157.3736189,0.9,
The Mummy Returns (2001),200206,47,7,97453007.6937535,97453007.6937535,0.8,
Rush Hour 2 (2001),200206,47,8,96570827.5358286,96570827.5358286,0.9,
Monsters, Inc. (20),2002-06-01,47,9,89649585.2531905,89649585.2531905,0.9
Batman Forever (1995),200206,47,10,88025315.4729921,88025315.4729921,0,
Toy Story 2 (1999),200206,47,11,86405560.7474644,86405560.7474644,0.5,
Mission: Impossible II (2000),200206,47,12,85373208.7221603,85373208.7221603,0.6,
Spider-Man (2002),200212,48,1,162513376.353942,162513376.353942,0.9,
Harry Potter and the Sorcerer's Stone (2001),200212,48,2,129358496.831499,129358496.831499,0.8,
Harry Potter and the Chamber of Secrets (2002),200212,48,3,123519685.699802,0,1,
The Lost World: Jurassic Park (1997),200212,48,4,114434475.918727,114434475.918727,0,
Star Wars: Episode II - Attack of the Clones (2002),200212,48,5,113245595.058307,113245595.058307,0.9,
Austin Powers in Goldmember (2002),200212,48,6,102150144.597492,0,1,
Star Wars: Episode I - The Phantom Menace (1999),200212,48,7,99241686.0455422,99241686.0455422,0.3,
Planet of the Apes  (2001),200212,48,8,98182157.3736189,98182157.3736189,0.8,
The Mummy Returns (2001),200212,48,9,97453007.6937535,97453007.6937535,0.7,
Rush Hour 2 (2001),200212,48,10,96570827.5358286,96570827.5358286,0.8,
Monsters, Inc. (20),2002-12-01,48,11,89649585.2531905,89649585.2531905,0.8
Batman Forever (1995),200212,48,12,88025315.4729921,88025315.4729921,0,
Spider-Man (2002),200306,49,1,162513376.353942,162513376.353942,0.8,
Harry Potter and the Sorcerer's Stone (2001),200306,49,2,129358496.831499,129358496.831499,0.7,
The Matrix Reloaded (2003),200306,49,3,127385491.61728,0,1,
Harry Potter and the Chamber of Secrets (2002),200306,49,4,123519685.699802,123519685.699802,0.9,
X2: X-Men United (2003),200306,49,5,118757948.477269,0,1,
The Lost World: Jurassic Park (1997),200306,49,6,114434475.918727,114434475.918727,0,
Star Wars: Episode II - Attack of the Clones (2002),200306,49,7,113245595.058307,113245595.058307,0.8,
Austin Powers in Goldmember (2002),200306,49,8,102150144.597492,102150144.597492,0.9,
Star Wars: Episode I - The Phantom Menace (1999),200306,49,9,99241686.0455422,99241686.0455422,0.2,
Planet of the Apes  (2001),200306,49,10,98182157.3736189,98182157.3736189,0.7,
Finding Nemo (2003),200306,49,11,97511368.6132168,0,1,
The Mummy Returns (2001),200306,49,12,97453007.6937535,97453007.6937535,0.6,
Spider-Man (2002),200312,50,1,162513376.353942,162513376.353942,0.7,
Harry Potter and the Sorcerer's Stone (2001),200312,50,2,129358496.831499,129358496.831499,0.6,
The Matrix Reloaded (2003),200312,50,3,127385491.61728,127385491.61728,0.9,
Harry Potter and the Chamber of Secrets (2002),200312,50,4,123519685.699802,123519685.699802,0.8,
X2: X-Men United (2003),200312,50,5,118757948.477269,118757948.477269,0.9,
The Lost World: Jurassic Park (1997),200312,50,6,114434475.918727,114434475.918727,0,
Star Wars: Episode II - Attack of the Clones (2002),200312,50,7,113245595.058307,113245595.058307,0.7,
Austin Powers in Goldmember (2002),200312,50,8,102150144.597492,102150144.597492,0.8,
The Lord of the Rings: The Return of the King (2003),200312,50,9,99507796.7629326,0,1,
Star Wars: Episode I - The Phantom Menace (1999),200312,50,10,99241686.0455422,99241686.0455422,0.1,
Planet of the Apes  (2001),200312,50,11,98182157.3736189,98182157.3736189,0.6,
Finding Nemo (2003),200312,50,12,97511368.6132168,97511368.6132168,0.9,
Spider-Man (2002),200406,51,1,162513376.353942,162513376.353942,0.6,
Shrek 2 (2004),200406,51,2,145355270.608491,0,1,
Harry Potter and the Sorcerer's Stone (2001),200406,51,3,129358496.831499,129358496.831499,0.5,
The Matrix Reloaded (2003),200406,51,4,127385491.61728,127385491.61728,0.8,
Harry Potter and the Prisoner of Azkaban (2004),200406,51,5,126047945.729571,0,1,
Harry Potter and the Chamber of Secrets (2002),200406,51,6,123519685.699802,123519685.699802,0.7,
X2: X-Men United (2003),200406,51,7,118757948.477269,118757948.477269,0.8,
Spider-Man 2 (2004),200406,51,8,118606293.168851,0,1,
The Lost World: Jurassic Park (1997),200406,51,9,114434475.918727,114434475.918727,0,
Star Wars: Episode II - Attack of the Clones (2002),200406,51,10,113245595.058307,113245595.058307,0.6,
The Passion of the Christ (2004),200406,51,11,112810070.641271,0,1,
Austin Powers in Goldmember (2002),200406,51,12,102150144.597492,102150144.597492,0.7,
Spider-Man (2002),200412,52,1,162513376.353942,162513376.353942,0.5,
Shrek 2 (2004),200412,52,2,145355270.608491,145355270.608491,0.9,
Harry Potter and the Sorcerer's Stone (2001),200412,52,3,129358496.831499,129358496.831499,0.4,
The Matrix Reloaded (2003),200412,52,4,127385491.61728,127385491.61728,0.7,
Harry Potter and the Prisoner of Azkaban (2004),200412,52,5,126047945.729571,126047945.729571,0.9,
Harry Potter and the Chamber of Secrets (2002),200412,52,6,123519685.699802,123519685.699802,0.6,
X2: X-Men United (2003),200412,52,7,118757948.477269,118757948.477269,0.7,
Spider-Man 2 (2004),200412,52,8,118606293.168851,118606293.168851,0.9,
The Lost World: Jurassic Park (1997),200412,52,9,114434475.918727,114434475.918727,0,
Star Wars: Episode II - Attack of the Clones (2002),200412,52,10,113245595.058307,113245595.058307,0.5,
The Passion of the Christ (2004),200412,52,11,112810070.641271,112810070.641271,0.9,
Austin Powers in Goldmember (2002),200412,52,12,102150144.597492,102150144.597492,0.6,
Spider-Man (2002),200506,53,1,162513376.353942,162513376.353942,0.4,
Shrek 2 (2004),200506,53,2,145355270.608491,145355270.608491,0.8,
Star Wars: Episode III - Revenge of the Sith (2005),200506,53,3,142275436.853216,0,1,
Harry Potter and the Sorcerer's Stone (2001),200506,53,4,129358496.831499,129358496.831499,0.3,
The Matrix Reloaded (2003),200506,53,5,127385491.61728,127385491.61728,0.6,
Harry Potter and the Prisoner of Azkaban (2004),200506,53,6,126047945.729571,126047945.729571,0.8,
Harry Potter and the Chamber of Secrets (2002),200506,53,7,123519685.699802,123519685.699802,0.5,
X2: X-Men United (2003),200506,53,8,118757948.477269,118757948.477269,0.6,
Spider-Man 2 (2004),200506,53,9,118606293.168851,118606293.168851,0.8,
The Lost World: Jurassic Park (1997),200506,53,10,114434475.918727,114434475.918727,0,
Star Wars: Episode II - Attack of the Clones (2002),200506,53,11,113245595.058307,113245595.058307,0.4,
The Passion of the Christ (2004),200506,53,12,112810070.641271,112810070.641271,0.8,
Spider-Man (2002),200512,54,1,162513376.353942,162513376.353942,0.3,
Shrek 2 (2004),200512,54,2,145355270.608491,145355270.608491,0.7,
Star Wars: Episode III - Revenge of the Sith (2005),200512,54,3,142275436.853216,142275436.853216,0.9,
Harry Potter and the Goblet of Fire (2005),200512,54,4,131738675.498375,0,1,
Harry Potter and the Sorcerer's Stone (2001),200512,54,5,129358496.831499,129358496.831499,0.2,
The Matrix Reloaded (2003),200512,54,6,127385491.61728,127385491.61728,0.5,
Harry Potter and the Prisoner of Azkaban (2004),200512,54,7,126047945.729571,126047945.729571,0.7,
Harry Potter and the Chamber of Secrets (2002),200512,54,8,123519685.699802,123519685.699802,0.4,
X2: X-Men United (2003),200512,54,9,118757948.477269,118757948.477269,0.5,
Spider-Man 2 (2004),200512,54,10,118606293.168851,118606293.168851,0.7,
The Lost World: Jurassic Park (1997),200512,54,11,114434475.918727,114434475.918727,0,
Star Wars: Episode II - Attack of the Clones (2002),200512,54,12,113245595.058307,113245595.058307,0.3,
Spider-Man (2002),200606,55,1,162513376.353942,162513376.353942,0.2,
Shrek 2 (2004),200606,55,2,145355270.608491,145355270.608491,0.6,
Star Wars: Episode III - Revenge of the Sith (2005),200606,55,3,142275436.853216,142275436.853216,0.8,
Harry Potter and the Goblet of Fire (2005),200606,55,4,131738675.498375,131738675.498375,0.9,
X-Men: The Last Stand (2006),200606,55,5,129404737.405451,0,1,
Harry Potter and the Sorcerer's Stone (2001),200606,55,6,129358496.831499,129358496.831499,0.1,
The Matrix Reloaded (2003),200606,55,7,127385491.61728,127385491.61728,0.4,
Harry Potter and the Prisoner of Azkaban (2004),200606,55,8,126047945.729571,126047945.729571,0.6,
Harry Potter and the Chamber of Secrets (2002),200606,55,9,123519685.699802,123519685.699802,0.3,
X2: X-Men United (2003),200606,55,10,118757948.477269,118757948.477269,0.4,
Spider-Man 2 (2004),200606,55,11,118606293.168851,118606293.168851,0.6,
The Lost World: Jurassic Park (1997),200606,55,12,114434475.918727,114434475.918727,0,
Pirates of the Caribbean: Dead Man's Chest (2006),200612,56,1,169725507.77938,0,1,
Spider-Man (2002),200612,56,2,162513376.353942,162513376.353942,0.1,
Shrek 2 (2004),200612,56,3,145355270.608491,145355270.608491,0.5,
Star Wars: Episode III - Revenge of the Sith (2005),200612,56,4,142275436.853216,142275436.853216,0.7,
Harry Potter and the Goblet of Fire (2005),200612,56,5,131738675.498375,131738675.498375,0.8,
X-Men: The Last Stand (2006),200612,56,6,129404737.405451,129404737.405451,0.9,
Harry Potter and the Sorcerer's Stone (2001),200612,56,7,129358496.831499,129358496.831499,0,
The Matrix Reloaded (2003),200612,56,8,127385491.61728,127385491.61728,0.3,
Harry Potter and the Prisoner of Azkaban (2004),200612,56,9,126047945.729571,126047945.729571,0.5,
Harry Potter and the Chamber of Secrets (2002),200612,56,10,123519685.699802,123519685.699802,0.2,
X2: X-Men United (2003),200612,56,11,118757948.477269,118757948.477269,0.3,
Spider-Man 2 (2004),200612,56,12,118606293.168851,118606293.168851,0.5,
Spider-Man 3 (2007),200706,57,1,185326540.569443,0,1,
Pirates of the Caribbean: Dead Man's Chest (2006),200706,57,2,169725507.77938,169725507.77938,0.9,
Spider-Man (2002),200706,57,3,162513376.353942,162513376.353942,0,
Shrek the Third (2007),200706,57,4,149163919.588291,0,1,
Shrek 2 (2004),200706,57,5,145355270.608491,145355270.608491,0.4,
Star Wars: Episode III - Revenge of the Sith (2005),200706,57,6,142275436.853216,142275436.853216,0.6,
Pirates of the Caribbean: At World's End (2007),200706,57,7,140706239.021396,0,1,
Harry Potter and the Goblet of Fire (2005),200706,57,8,131738675.498375,131738675.498375,0.7,
X-Men: The Last Stand (2006),200706,57,9,129404737.405451,129404737.405451,0.8,
Harry Potter and the Sorcerer's Stone (2001),200706,57,10,129358496.831499,129358496.831499,0,
The Matrix Reloaded (2003),200706,57,11,127385491.61728,127385491.61728,0.2,
Harry Potter and the Prisoner of Azkaban (2004),200706,57,12,126047945.729571,126047945.729571,0.4,
Spider-Man 3 (2007),200712,58,1,185326540.569443,185326540.569443,0.9,
Pirates of the Caribbean: Dead Man's Chest (2006),200712,58,2,169725507.77938,169725507.77938,0.8,
Spider-Man (2002),200712,58,3,162513376.353942,162513376.353942,0,
Shrek the Third (2007),200712,58,4,149163919.588291,149163919.588291,0.9,
Shrek 2 (2004),200712,58,5,145355270.608491,145355270.608491,0.3,
Star Wars: Episode III - Revenge of the Sith (2005),200712,58,6,142275436.853216,142275436.853216,0.5,
Pirates of the Caribbean: At World's End (2007),200712,58,7,140706239.021396,140706239.021396,0.9,
Harry Potter and the Goblet of Fire (2005),200712,58,8,131738675.498375,131738675.498375,0.6,
X-Men: The Last Stand (2006),200712,58,9,129404737.405451,129404737.405451,0.7,
Harry Potter and the Sorcerer's Stone (2001),200712,58,10,129358496.831499,129358496.831499,0,
The Matrix Reloaded (2003),200712,58,11,127385491.61728,127385491.61728,0.1,
Harry Potter and the Prisoner of Azkaban (2004),200712,58,12,126047945.729571,126047945.729571,0.3,
Spider-Man 3 (2007),200806,59,1,185326540.569443,185326540.569443,0.8,
Pirates of the Caribbean: Dead Man's Chest (2006),200806,59,2,169725507.77938,169725507.77938,0.7,
Spider-Man (2002),200806,59,3,162513376.353942,162513376.353942,0,
Shrek the Third (2007),200806,59,4,149163919.588291,149163919.588291,0.8,
Shrek 2 (2004),200806,59,5,145355270.608491,145355270.608491,0.2,
Star Wars: Episode III - Revenge of the Sith (2005),200806,59,6,142275436.853216,142275436.853216,0.4,
Pirates of the Caribbean: At World's End (2007),200806,59,7,140706239.021396,140706239.021396,0.8,
Harry Potter and the Goblet of Fire (2005),200806,59,8,131738675.498375,131738675.498375,0.5,
X-Men: The Last Stand (2006),200806,59,9,129404737.405451,129404737.405451,0.6,
Harry Potter and the Sorcerer's Stone (2001),200806,59,10,129358496.831499,129358496.831499,0,
The Matrix Reloaded (2003),200806,59,11,127385491.61728,127385491.61728,0,
Harry Potter and the Prisoner of Azkaban (2004),200806,59,12,126047945.729571,126047945.729571,0.2,
The Dark Knight (2008),200812,60,1,190446274.711606,0,1,
Spider-Man 3 (2007),200812,60,2,185326540.569443,185326540.569443,0.7,
Pirates of the Caribbean: Dead Man's Chest (2006),200812,60,3,169725507.77938,169725507.77938,0.6,
Spider-Man (2002),200812,60,4,162513376.353942,162513376.353942,0,
Shrek the Third (2007),200812,60,5,149163919.588291,149163919.588291,0.7,
Shrek 2 (2004),200812,60,6,145355270.608491,145355270.608491,0.1,
Star Wars: Episode III - Revenge of the Sith (2005),200812,60,7,142275436.853216,142275436.853216,0.3,
Pirates of the Caribbean: At World's End (2007),200812,60,8,140706239.021396,140706239.021396,0.7,
Harry Potter and the Goblet of Fire (2005),200812,60,9,131738675.498375,131738675.498375,0.4,
X-Men: The Last Stand (2006),200812,60,10,129404737.405451,129404737.405451,0.5,
Harry Potter and the Sorcerer's Stone (2001),200812,60,11,129358496.831499,129358496.831499,0,
The Matrix Reloaded (2003),200812,60,12,127385491.61728,127385491.61728,0,
The Dark Knight (2008),200906,61,1,190446274.711606,190446274.711606,0.9,
Spider-Man 3 (2007),200906,61,2,185326540.569443,185326540.569443,0.6,
Pirates of the Caribbean: Dead Man's Chest (2006),200906,61,3,169725507.77938,169725507.77938,0.5,
Spider-Man (2002),200906,61,4,162513376.353942,162513376.353942,0,
Shrek the Third (2007),200906,61,5,149163919.588291,149163919.588291,0.6,
Shrek 2 (2004),200906,61,6,145355270.608491,145355270.608491,0,
Star Wars: Episode III - Revenge of the Sith (2005),200906,61,7,142275436.853216,142275436.853216,0.2,
Pirates of the Caribbean: At World's End (2007),200906,61,8,140706239.021396,140706239.021396,0.6,
Harry Potter and the Goblet of Fire (2005),200906,61,9,131738675.498375,131738675.498375,0.3,
X-Men: The Last Stand (2006),200906,61,10,129404737.405451,129404737.405451,0.4,
Harry Potter and the Sorcerer's Stone (2001),200906,61,11,129358496.831499,129358496.831499,0,
Transformers: Revenge of the Fallen (2009),200906,61,12,128933232.41974,0,1,
The Dark Knight (2008),200912,62,1,190446274.711606,190446274.711606,0.8,
Spider-Man 3 (2007),200912,62,2,185326540.569443,185326540.569443,0.5,
Pirates of the Caribbean: Dead Man's Chest (2006),200912,62,3,169725507.77938,169725507.77938,0.4,
The Twilight Saga: New Moon (2009),200912,62,4,167024532.154923,0,1,
Spider-Man (2002),200912,62,5,162513376.353942,162513376.353942,0,
Shrek the Third (2007),200912,62,6,149163919.588291,149163919.588291,0.5,
Shrek 2 (2004),200912,62,7,145355270.608491,145355270.608491,0,
Star Wars: Episode III - Revenge of the Sith (2005),200912,62,8,142275436.853216,142275436.853216,0.1,
Pirates of the Caribbean: At World's End (2007),200912,62,9,140706239.021396,140706239.021396,0.5,
Harry Potter and the Goblet of Fire (2005),200912,62,10,131738675.498375,131738675.498375,0.2,
X-Men: The Last Stand (2006),200912,62,11,129404737.405451,129404737.405451,0.3,
Harry Potter and the Sorcerer's Stone (2001),200912,62,12,129358496.831499,129358496.831499,0,
The Dark Knight (2008),202006,63,1,190446274.711606,190446274.711606,0.7,
Spider-Man 3 (2007),202006,63,2,185326540.569443,185326540.569443,0.4,
Pirates of the Caribbean: Dead Man's Chest (2006),202006,63,3,169725507.77938,169725507.77938,0.3,
The Twilight Saga: New Moon (2009),202006,63,4,167024532.154923,167024532.154923,0.9,
Spider-Man (2002),202006,63,5,162513376.353942,162513376.353942,0,
Iron Man 2 (2010),202006,63,6,149918149.010999,0,1,
Shrek the Third (2007),202006,63,7,149163919.588291,149163919.588291,0.4,
Shrek 2 (2004),202006,63,8,145355270.608491,145355270.608491,0,
Star Wars: Episode III - Revenge of the Sith (2005),202006,63,9,142275436.853216,142275436.853216,0,
Pirates of the Caribbean: At World's End (2007),202006,63,10,140706239.021396,140706239.021396,0.4,
Alice in Wonderland  (2010),202006,63,11,135851651.220328,0,1,
Harry Potter and the Goblet of Fire (2005),202006,63,12,131738675.498375,131738675.498375,0.1,
The Dark Knight (2008),202012,64,1,190446274.711606,190446274.711606,0.6,
Spider-Man 3 (2007),202012,64,2,185326540.569443,185326540.569443,0.3,
Pirates of the Caribbean: Dead Man's Chest (2006),202012,64,3,169725507.77938,169725507.77938,0.2,
The Twilight Saga: New Moon (2009),202012,64,4,167024532.154923,167024532.154923,0.8,
Spider-Man (2002),202012,64,5,162513376.353942,162513376.353942,0,
Iron Man 2 (2010),202012,64,6,149918149.010999,149918149.010999,0.9,
Shrek the Third (2007),202012,64,7,149163919.588291,149163919.588291,0.3,
Shrek 2 (2004),202012,64,8,145355270.608491,145355270.608491,0,
Harry Potter and the Deathly Hallows Part 1 (2010),202012,64,9,144113152.958453,0,1,
Star Wars: Episode III - Revenge of the Sith (2005),202012,64,10,142275436.853216,142275436.853216,0,
Pirates of the Caribbean: At World's End (2007),202012,64,11,140706239.021396,140706239.021396,0.3,
Alice in Wonderland  (2010),202012,64,12,135851651.220328,135851651.220328,0.9,
The Dark Knight (2008),202106,65,1,190446274.711606,190446274.711606,0.5,
Spider-Man 3 (2007),202106,65,2,185326540.569443,185326540.569443,0.2,
Pirates of the Caribbean: Dead Man's Chest (2006),202106,65,3,169725507.77938,169725507.77938,0.1,
The Twilight Saga: New Moon (2009),202106,65,4,167024532.154923,167024532.154923,0.7,
Spider-Man (2002),202106,65,5,162513376.353942,162513376.353942,0,
Iron Man 2 (2010),202106,65,6,149918149.010999,149918149.010999,0.8,
Shrek the Third (2007),202106,65,7,149163919.588291,149163919.588291,0.2,
Shrek 2 (2004),202106,65,8,145355270.608491,145355270.608491,0,
Harry Potter and the Deathly Hallows Part 1 (2010),202106,65,9,144113152.958453,144113152.958453,0.9,
Star Wars: Episode III - Revenge of the Sith (2005),202106,65,10,142275436.853216,142275436.853216,0,
Pirates of the Caribbean: At World's End (2007),202106,65,11,140706239.021396,140706239.021396,0.2,
Alice in Wonderland  (2010),202106,65,12,135851651.220328,135851651.220328,0.8,
The Dark Knight (2008),202112,66,1,190446274.711606,190446274.711606,0.4,
Harry Potter and the Deathly Hallows Part 2 (2011),202112,66,2,189237684.975535,0,1,
Spider-Man 3 (2007),202112,66,3,185326540.569443,185326540.569443,0.1,
Pirates of the Caribbean: Dead Man's Chest (2006),202112,66,4,169725507.77938,169725507.77938,0,
The Twilight Saga: New Moon (2009),202112,66,5,167024532.154923,167024532.154923,0.6,
Spider-Man (2002),202112,66,6,162513376.353942,162513376.353942,0,
The Twilight Saga: Breaking Dawn Part 1 (2011),202112,66,7,154489186.343935,0,1,
Iron Man 2 (2010),202112,66,8,149918149.010999,149918149.010999,0.7,
Shrek the Third (2007),202112,66,9,149163919.588291,149163919.588291,0.1,
Shrek 2 (2004),202112,66,10,145355270.608491,145355270.608491,0,
Harry Potter and the Deathly Hallows Part 1 (2010),202112,66,11,144113152.958453,144113152.958453,0.8,
Star Wars: Episode III - Revenge of the Sith (2005),202112,66,12,142275436.853216,142275436.853216,0,
Marvel's The Avengers (2012),202206,67,1,230698450.756962,0,1,
The Dark Knight (2008),202206,67,2,190446274.711606,190446274.711606,0.3,
Harry Potter and the Deathly Hallows Part 2 (2011),202206,67,3,189237684.975535,189237684.975535,0.9,
Spider-Man 3 (2007),202206,67,4,185326540.569443,185326540.569443,0,
Pirates of the Caribbean: Dead Man's Chest (2006),202206,67,5,169725507.77938,169725507.77938,0,
The Hunger Games (2012),202206,67,6,169639315.907983,0,1,
The Twilight Saga: New Moon (2009),202206,67,7,167024532.154923,167024532.154923,0.5,
Spider-Man (2002),202206,67,8,162513376.353942,162513376.353942,0,
The Twilight Saga: Breaking Dawn Part 1 (2011),202206,67,9,154489186.343935,154489186.343935,0.9,
Iron Man 2 (2010),202206,67,10,149918149.010999,149918149.010999,0.6,
Shrek the Third (2007),202206,67,11,149163919.588291,149163919.588291,0,
Shrek 2 (2004),202206,67,12,145355270.608491,145355270.608491,0,
Marvel's The Avengers (2012),202212,68,1,230698450.756962,230698450.756962,0.9,
The Dark Knight (2008),202212,68,2,190446274.711606,190446274.711606,0.2,
Harry Potter and the Deathly Hallows Part 2 (2011),202212,68,3,189237684.975535,189237684.975535,0.8,
Spider-Man 3 (2007),202212,68,4,185326540.569443,185326540.569443,0,
The Dark Knight Rises (2012),202212,68,5,176840270.778433,0,1,
Pirates of the Caribbean: Dead Man's Chest (2006),202212,68,6,169725507.77938,169725507.77938,0,
The Hunger Games (2012),202212,68,7,169639315.907983,169639315.907983,0.9,
The Twilight Saga: New Moon (2009),202212,68,8,167024532.154923,167024532.154923,0.4,
Spider-Man (2002),202212,68,9,162513376.353942,162513376.353942,0,
The Twilight Saga: Breaking Dawn Part 2 (2012),202212,68,10,155055367.141531,0,1,
The Twilight Saga: Breaking Dawn Part 1 (2011),202212,68,11,154489186.343935,154489186.343935,0.8,
Iron Man 2 (2010),202212,68,12,149918149.010999,149918149.010999,0.5,
Marvel's The Avengers (2012),202306,69,1,230698450.756962,230698450.756962,0.8,
The Dark Knight (2008),202306,69,2,190446274.711606,190446274.711606,0.1,
Iron Man 3 (2013),202306,69,3,190404172.981049,0,1,
Harry Potter and the Deathly Hallows Part 2 (2011),202306,69,4,189237684.975535,189237684.975535,0.7,
Spider-Man 3 (2007),202306,69,5,185326540.569443,185326540.569443,0,
The Dark Knight Rises (2012),202306,69,6,176840270.778433,176840270.778433,0.9,
Pirates of the Caribbean: Dead Man's Chest (2006),202306,69,7,169725507.77938,169725507.77938,0,
The Hunger Games (2012),202306,69,8,169639315.907983,169639315.907983,0.8,
The Twilight Saga: New Moon (2009),202306,69,9,167024532.154923,167024532.154923,0.3,
Spider-Man (2002),202306,69,10,162513376.353942,162513376.353942,0,
The Twilight Saga: Breaking Dawn Part 2 (2012),202306,69,11,155055367.141531,155055367.141531,0.9,
The Twilight Saga: Breaking Dawn Part 1 (2011),202306,69,12,154489186.343935,154489186.343935,0.7,
Marvel's The Avengers (2012),202312,70,1,230698450.756962,230698450.756962,0.7,
The Dark Knight (2008),202312,70,2,190446274.711606,190446274.711606,0,
Iron Man 3 (2013),202312,70,3,190404172.981049,190404172.981049,0.9,
Harry Potter and the Deathly Hallows Part 2 (2011),202312,70,4,189237684.975535,189237684.975535,0.6,
Spider-Man 3 (2007),202312,70,5,185326540.569443,185326540.569443,0,
The Dark Knight Rises (2012),202312,70,6,176840270.778433,176840270.778433,0.8,
The Hunger Games: Catching Fire (2013),202312,70,7,171158975.789467,0,1,
Pirates of the Caribbean: Dead Man's Chest (2006),202312,70,8,169725507.77938,169725507.77938,0,
The Hunger Games (2012),202312,70,9,169639315.907983,169639315.907983,0.7,
The Twilight Saga: New Moon (2009),202312,70,10,167024532.154923,167024532.154923,0.2,
Spider-Man (2002),202312,70,11,162513376.353942,162513376.353942,0,
The Twilight Saga: Breaking Dawn Part 2 (2012),202312,70,12,155055367.141531,155055367.141531,0.8,
Marvel's The Avengers (2012),202406,71,1,230698450.756962,230698450.756962,0.6,
The Dark Knight (2008),202406,71,2,190446274.711606,190446274.711606,0,
Iron Man 3 (2013),202406,71,3,190404172.981049,190404172.981049,0.8,
Harry Potter and the Deathly Hallows Part 2 (2011),202406,71,4,189237684.975535,189237684.975535,0.5,
Spider-Man 3 (2007),202406,71,5,185326540.569443,185326540.569443,0,
The Dark Knight Rises (2012),202406,71,6,176840270.778433,176840270.778433,0.7,
The Hunger Games: Catching Fire (2013),202406,71,7,171158975.789467,171158975.789467,0.9,
Pirates of the Caribbean: Dead Man's Chest (2006),202406,71,8,169725507.77938,169725507.77938,0,
The Hunger Games (2012),202406,71,9,169639315.907983,169639315.907983,0.6,
The Twilight Saga: New Moon (2009),202406,71,10,167024532.154923,167024532.154923,0.1,
Spider-Man (2002),202406,71,11,162513376.353942,162513376.353942,0,
The Twilight Saga: Breaking Dawn Part 2 (2012),202406,71,12,155055367.141531,155055367.141531,0.7,
Marvel's The Avengers (2012),202412,72,1,230698450.756962,230698450.756962,0.5,
The Dark Knight (2008),202412,72,2,190446274.711606,190446274.711606,0,
Iron Man 3 (2013),202412,72,3,190404172.981049,190404172.981049,0.7,
Harry Potter and the Deathly Hallows Part 2 (2011),202412,72,4,189237684.975535,189237684.975535,0.4,
Spider-Man 3 (2007),202412,72,5,185326540.569443,185326540.569443,0,
The Dark Knight Rises (2012),202412,72,6,176840270.778433,176840270.778433,0.6,
The Hunger Games: Catching Fire (2013),202412,72,7,171158975.789467,171158975.789467,0.8,
Pirates of the Caribbean: Dead Man's Chest (2006),202412,72,8,169725507.77938,169725507.77938,0,
The Hunger Games (2012),202412,72,9,169639315.907983,169639315.907983,0.5,
The Twilight Saga: New Moon (2009),202412,72,10,167024532.154923,167024532.154923,0,
Spider-Man (2002),202412,72,11,162513376.353942,162513376.353942,0,
The Twilight Saga: Breaking Dawn Part 2 (2012),202412,72,12,155055367.141531,155055367.141531,0.6,
Marvel's The Avengers (2012),202506,73,1,230698450.756962,230698450.756962,0.4,
Jurassic World (2015),202506,73,2,223269954.679154,0,1,
Avengers: Age of Ultron (2015),202506,73,3,204520160.423638,0,1,
The Dark Knight (2008),202506,73,4,190446274.711606,190446274.711606,0,
Iron Man 3 (2013),202506,73,5,190404172.981049,190404172.981049,0.6,
Harry Potter and the Deathly Hallows Part 2 (2011),202506,73,6,189237684.975535,189237684.975535,0.3,
Spider-Man 3 (2007),202506,73,7,185326540.569443,185326540.569443,0,
The Dark Knight Rises (2012),202506,73,8,176840270.778433,176840270.778433,0.5,
The Hunger Games: Catching Fire (2013),202506,73,9,171158975.789467,171158975.789467,0.7,
Pirates of the Caribbean: Dead Man's Chest (2006),202506,73,10,169725507.77938,169725507.77938,0,
The Hunger Games (2012),202506,73,11,169639315.907983,169639315.907983,0.4,
The Twilight Saga: New Moon (2009),202506,73,12,167024532.154923,167024532.154923,0,
Star Wars: The Force Awakens (2015),202512,74,1,264994657.732206,0,1,
Marvel's The Avengers (2012),202512,74,2,230698450.756962,230698450.756962,0.3,
Jurassic World (2015),202512,74,3,223269954.679154,223269954.679154,0.9,
Avengers: Age of Ultron (2015),202512,74,4,204520160.423638,204520160.423638,0.9,
The Dark Knight (2008),202512,74,5,190446274.711606,190446274.711606,0,
Iron Man 3 (2013),202512,74,6,190404172.981049,190404172.981049,0.5,
Harry Potter and the Deathly Hallows Part 2 (2011),202512,74,7,189237684.975535,189237684.975535,0.2,
Spider-Man 3 (2007),202512,74,8,185326540.569443,185326540.569443,0,
The Dark Knight Rises (2012),202512,74,9,176840270.778433,176840270.778433,0.4,
The Hunger Games: Catching Fire (2013),202512,74,10,171158975.789467,171158975.789467,0.6,
Pirates of the Caribbean: Dead Man's Chest (2006),202512,74,11,169725507.77938,169725507.77938,0,
The Hunger Games (2012),202512,74,12,169639315.907983,169639315.907983,0.3,
Star Wars: The Force Awakens (2015),202606,75,1,264994657.732206,264994657.732206,0.9,
Marvel's The Avengers (2012),202606,75,2,230698450.756962,230698450.756962,0.2,
Jurassic World (2015),202606,75,3,223269954.679154,223269954.679154,0.8,
Avengers: Age of Ultron (2015),202606,75,4,204520160.423638,204520160.423638,0.8,
The Dark Knight (2008),202606,75,5,190446274.711606,190446274.711606,0,
Iron Man 3 (2013),202606,75,6,190404172.981049,190404172.981049,0.4,
Captain America: Civil War (2016),202606,75,7,189567487.044498,0,1,
Harry Potter and the Deathly Hallows Part 2 (2011),202606,75,8,189237684.975535,189237684.975535,0.1,
Spider-Man 3 (2007),202606,75,9,185326540.569443,185326540.569443,0,
The Dark Knight Rises (2012),202606,75,10,176840270.778433,176840270.778433,0.3,
Batman v Superman: Dawn of Justice (2016),202606,75,11,175671242.199619,0,1,
The Hunger Games: Catching Fire (2013),202606,75,12,171158975.789467,171158975.789467,0.5,
Star Wars: The Force Awakens (2015),202612,76,1,264994657.732206,264994657.732206,0.8,
Marvel's The Avengers (2012),202612,76,2,230698450.756962,230698450.756962,0.1,
Jurassic World (2015),202612,76,3,223269954.679154,223269954.679154,0.7,
Avengers: Age of Ultron (2015),202612,76,4,204520160.423638,204520160.423638,0.7,
The Dark Knight (2008),202612,76,5,190446274.711606,190446274.711606,0,
Iron Man 3 (2013),202612,76,6,190404172.981049,190404172.981049,0.3,
Captain America: Civil War (2016),202612,76,7,189567487.044498,189567487.044498,0.9,
Harry Potter and the Deathly Hallows Part 2 (2011),202612,76,8,189237684.975535,189237684.975535,0,
Spider-Man 3 (2007),202612,76,9,185326540.569443,185326540.569443,0,
The Dark Knight Rises (2012),202612,76,10,176840270.778433,176840270.778433,0.2,
Batman v Superman: Dawn of Justice (2016),202612,76,11,175671242.199619,175671242.199619,0.9,
The Hunger Games: Catching Fire (2013),202612,76,12,171158975.789467,171158975.789467,0.4,
Star Wars: The Force Awakens (2015),202706,77,1,264994657.732206,264994657.732206,0.7,
Marvel's The Avengers (2012),202706,77,2,230698450.756962,230698450.756962,0,
Jurassic World (2015),202706,77,3,223269954.679154,223269954.679154,0.6,
Avengers: Age of Ultron (2015),202706,77,4,204520160.423638,204520160.423638,0.6,
The Dark Knight (2008),202706,77,5,190446274.711606,190446274.711606,0,
Iron Man 3 (2013),202706,77,6,190404172.981049,190404172.981049,0.2,
Captain America: Civil War (2016),202706,77,7,189567487.044498,189567487.044498,0.8,
Harry Potter and the Deathly Hallows Part 2 (2011),202706,77,8,189237684.975535,189237684.975535,0,
Spider-Man 3 (2007),202706,77,9,185326540.569443,185326540.569443,0,
Beauty and the Beast  (2017),202706,77,10,181882856.046588,0,1,
The Dark Knight Rises (2012),202706,77,11,176840270.778433,176840270.778433,0.1,
Batman v Superman: Dawn of Justice (2016),202706,77,12,175671242.199619,175671242.199619,0.8,
Star Wars: The Force Awakens (2015),202712,78,1,264994657.732206,264994657.732206,0.6,
Marvel's The Avengers (2012),202712,78,2,230698450.756962,230698450.756962,0,
Star Wars: The Last Jedi (2017),202712,78,3,225553732.152884,0,1,
Jurassic World (2015),202712,78,4,223269954.679154,223269954.679154,0.5,
Avengers: Age of Ultron (2015),202712,78,5,204520160.423638,204520160.423638,0.5,
The Dark Knight (2008),202712,78,6,190446274.711606,190446274.711606,0,
Iron Man 3 (2013),202712,78,7,190404172.981049,190404172.981049,0.1,
Captain America: Civil War (2016),202712,78,8,189567487.044498,189567487.044498,0.7,
Harry Potter and the Deathly Hallows Part 2 (2011),202712,78,9,189237684.975535,189237684.975535,0,
Spider-Man 3 (2007),202712,78,10,185326540.569443,185326540.569443,0,
Beauty and the Beast  (2017),202712,78,11,181882856.046588,181882856.046588,0.9,
The Dark Knight Rises (2012),202712,78,12,176840270.778433,176840270.778433,0,
Star Wars: The Force Awakens (2015),202806,79,1,264994657.732206,264994657.732206,0.5,
Avengers: Infinity War (2018),202806,79,2,260790963.442162,0,1,
Marvel's The Avengers (2012),202806,79,3,230698450.756962,230698450.756962,0,
Star Wars: The Last Jedi (2017),202806,79,4,225553732.152884,225553732.152884,0.9,
Jurassic World (2015),202806,79,5,223269954.679154,223269954.679154,0.4,
Avengers: Age of Ultron (2015),202806,79,6,204520160.423638,204520160.423638,0.4,
Black Panther (2018),202806,79,7,204428313.72394,0,1,
The Dark Knight (2008),202806,79,8,190446274.711606,190446274.711606,0,
Iron Man 3 (2013),202806,79,9,190404172.981049,190404172.981049,0,
Captain America: Civil War (2016),202806,79,10,189567487.044498,189567487.044498,0.6,
Harry Potter and the Deathly Hallows Part 2 (2011),202806,79,11,189237684.975535,189237684.975535,0,
Spider-Man 3 (2007),202806,79,12,185326540.569443,185326540.569443,0,
Star Wars: The Force Awakens (2015),202812,80,1,264994657.732206,264994657.732206,0.4,
Avengers: Infinity War (2018),202812,80,2,260790963.442162,260790963.442162,0.9,
Marvel's The Avengers (2012),202812,80,3,230698450.756962,230698450.756962,0,
Star Wars: The Last Jedi (2017),202812,80,4,225553732.152884,225553732.152884,0.8,
Jurassic World (2015),202812,80,5,223269954.679154,223269954.679154,0.3,
Avengers: Age of Ultron (2015),202812,80,6,204520160.423638,204520160.423638,0.3,
Black Panther (2018),202812,80,7,204428313.72394,204428313.72394,0.9,
The Dark Knight (2008),202812,80,8,190446274.711606,190446274.711606,0,
Iron Man 3 (2013),202812,80,9,190404172.981049,190404172.981049,0,
Captain America: Civil War (2016),202812,80,10,189567487.044498,189567487.044498,0.5,
Harry Potter and the Deathly Hallows Part 2 (2011),202812,80,11,189237684.975535,189237684.975535,0,
Spider-Man 3 (2007),202812,80,12,185326540.569443,185326540.569443,0,
Avengers: Endgame (2019),202906,81,1,3.5e+08,0,1,
Star Wars: The Force Awakens (2015),202906,81,2,264994657.732206,264994657.732206,0.3,
Avengers: Infinity War (2018),202906,81,3,260790963.442162,260790963.442162,0.8,
Marvel's The Avengers (2012),202906,81,4,230698450.756962,230698450.756962,0,
Star Wars: The Last Jedi (2017),202906,81,5,225553732.152884,225553732.152884,0.7,
Jurassic World (2015),202906,81,6,223269954.679154,223269954.679154,0.2,
Avengers: Age of Ultron (2015),202906,81,7,204520160.423638,204520160.423638,0.2,
Black Panther (2018),202906,81,8,204428313.72394,204428313.72394,0.8,
The Dark Knight (2008),202906,81,9,190446274.711606,190446274.711606,0,
Iron Man 3 (2013),202906,81,10,190404172.981049,190404172.981049,0,
Captain America: Civil War (2016),202906,81,11,189567487.044498,189567487.044498,0.4,
Harry Potter and the Deathly Hallows Part 2 (2011),202906,81,12,189237684.975535,189237684.975535,0,
Avengers: Endgame (2019),202912,82,1,3.5e+08,3.5e+08,0.9,
Star Wars: The Force Awakens (2015),202912,82,2,264994657.732206,264994657.732206,0.2,
Avengers: Infinity War (2018),202912,82,3,260790963.442162,260790963.442162,0.7,
Marvel's The Avengers (2012),202912,82,4,230698450.756962,230698450.756962,0,
Star Wars: The Last Jedi (2017),202912,82,5,225553732.152884,225553732.152884,0.6,
Jurassic World (2015),202912,82,6,223269954.679154,223269954.679154,0.1,
Avengers: Age of Ultron (2015),202912,82,7,204520160.423638,204520160.423638,0.1,
Black Panther (2018),202912,82,8,204428313.72394,204428313.72394,0.7,
The Dark Knight (2008),202912,82,9,190446274.711606,190446274.711606,0,
Iron Man 3 (2013),202912,82,10,190404172.981049,190404172.981049,0,
Captain America: Civil War (2016),202912,82,11,189567487.044498,189567487.044498,0.3,
Harry Potter and the Deathly Hallows Part 2 (2011),202912,82,12,189237684.975535,189237684.975535,0,
